uc,run,delivery_rate,duplicate_rate,received_unique,recv_total,total_expected,duplicates,out_of_order,churn_pct,lat_min,lat_p50,lat_p90,lat_p99,lat_max,ldh_min,ldh_p50,ldh_p90,ldh_p99,ldh_max,pr_avg_ratio,avg_connected_peers,downtime_total_ms,downtime_periods,downtime_p50_ms,downtime_p90_ms,downtime_max_ms,neighbour_down,neighbour_up,join_wait_ms,sender_joined,joined,saw_test,delivery_rate_joined_only
UC5_P10_C10,run-20251216-210334_uc5_p10_c10_m2000_r10_s256_DIRECT,0.9996500000000001,0.0,1999.3,1999.3,2000.0,0.0,6.5,10.0,0.0,1.0,1.0,809.4,1020.5,0.6,0.6,0.8,0.8,0.8,1.0,3.950024714047506,0.0,0.0,,,,1.9,5.5,2013.4,1.0,1.0,1.0,0.9996500000000001
UC5_P10_C10,run-20251216-210736_uc5_p10_c10_m2000_r10_s256_DIRECT,0.9995499999999999,0.0,1999.1,1999.1,2000.0,0.0,2.5,10.0,0.0,1.0,1.0,801.4,1004.5,0.4,0.6,0.6,0.7,0.7,1.0,3.7486769567790583,0.0,0.0,,,,3.9,7.2,2756.0,1.0,1.0,1.0,0.9995499999999999
UC5_P10_C10,run-20251216-211138_uc5_p10_c10_m2000_r10_s256_DIRECT,0.99975,0.0,1999.5,1999.5,2000.0,0.0,0.0,10.0,0.0,1.0,1.0,811.2,1020.6,0.4,0.5,0.5,0.5,0.8,1.0,3.8998827854137743,0.2,0.1,2.0,2.0,2.0,2.6,6.1,483.2,1.0,1.0,1.0,0.99975
UC5_P10_C10,run-20251216-211539_uc5_p10_c10_m2000_r10_s256_DIRECT,0.9997,0.0,1999.4,1999.4,2000.0,0.0,6.5,10.0,0.0,1.0,1.0,811.6,1014.9,0.4,0.5,0.5,0.5,0.6,1.0,3.702161322908746,0.4,0.1,4.0,4.0,4.0,3.9,7.0,6006.5,1.0,1.0,1.0,0.9997
UC5_P10_C10,run-20251216-211945_uc5_p10_c10_m2000_r10_s256_DIRECT,0.99975,0.0,1999.5,1999.5,2000.0,0.0,0.0,10.0,0.0,1.0,1.1,805.4,1040.3,0.5,0.6,0.7,0.9,1.0,1.0,3.8998998807412297,0.0,0.0,,,,3.3,6.6,471.1,1.0,1.0,1.0,0.99975
UC5_P10_C10,run-20251216-212346_uc5_p10_c10_m2000_r10_s256_DIRECT,0.89955,0.0,1799.1,1799.1,1800.0,0.0,6.5,10.0,0.0,1.0,1.1111111111111112,901.2222222222222,1127.111111111111,0.6666666666666666,0.7777777777777778,0.7777777777777778,0.7777777777777778,0.7777777777777778,1.0,4.44869594876489,0.0,0.0,,,,4.5,8.1,485.3,1.0,1.0,0.9,0.89955
UC5_P10_C10,run-20251216-212747_uc5_p10_c10_m2000_r10_s256_DIRECT,0.9996500000000001,0.0,1999.3,1999.3,2000.0,0.0,6.5,10.0,0.0,1.0,1.2,811.7,1015.1,0.5,0.9,0.9,1.0,1.2,1.0,4.099866412074789,0.0,0.0,,,,4.0,7.3,5337.9,1.0,1.0,1.0,0.9996500000000001
UC5_P10_C10,run-20251216-213153_uc5_p10_c10_m2000_r10_s256_DIRECT,0.9995,0.0,1999.0,1999.0,2000.0,0.0,0.0,10.0,0.0,1.0,1.2,800.6,1007.2,0.5,0.9,0.9,0.9,0.9,1.0,4.399866832920378,0.4,0.1,4.0,4.0,4.0,3.7,7.5,1251.6,1.0,1.0,1.0,0.9995
UC5_P10_C10,run-20251216-213554_uc5_p10_c10_m2000_r10_s256_DIRECT,0.99975,0.0,1999.5,1999.5,2000.0,0.0,6.5,10.0,0.0,1.0,1.2,811.2,1024.4,0.5,0.9,1.1,1.4,1.5,1.0,4.550602781767251,0.0,0.0,,,,5.1,8.0,2726.9,1.0,1.0,1.0,0.99975
UC5_P10_C10,run-20251216-213957_uc5_p10_c10_m2000_r10_s256_DIRECT,0.9995499999999999,0.0,1999.1,1999.1,2000.0,0.0,0.0,10.0,0.0,1.0,1.0,805.9,1014.8,0.5,0.6,0.6,0.6,0.6,1.0,4.349612269764075,0.0,0.0,,,,2.9,6.8,5125.6,1.0,1.0,1.0,0.9995499999999999
UC5_P10_C20,run-20251216-200130_uc5_p10_c20_m2000_r10_s256_DIRECT,0.9996,0.0,1999.2,1999.2,2000.0,0.0,0.0,20.0,0.0,1.0,1.2,1626.8,2027.5,0.6,0.8,0.8,0.8,0.9,1.0,4.499847574751244,0.0,0.0,,,,4.4,8.1,487.8,1.0,1.0,1.0,0.9996
UC5_P10_C20,run-20251216-200531_uc5_p10_c20_m2000_r10_s256_DIRECT,0.9998000000000001,0.0,1999.6,1999.6,2000.0,0.0,6.5,20.0,0.0,1.0,1.1,1617.0,2028.9,0.4,0.7,0.7,1.0,1.2,1.0,4.150964730800912,0.3,0.2,1.5,1.5,1.5,4.2,7.2,4455.2,1.0,1.0,1.0,0.9998000000000001
UC5_P10_C20,run-20251216-200936_uc5_p10_c20_m2000_r10_s256_DIRECT,0.9997,0.0,1999.4,1999.4,2000.0,0.0,7.6,20.0,0.0,1.0,1.5,1619.0,2091.7,0.5,1.5,1.5,1.5,1.5,1.0,3.899870724459774,0.3,0.1,3.0,3.0,3.0,2.9,6.4,1953.1,1.0,1.0,1.0,0.9997
UC5_P10_C20,run-20251216-201338_uc5_p10_c20_m2000_r10_s256_DIRECT,0.9996500000000001,0.0,1999.3,1999.3,2000.0,0.0,13.0,20.0,0.0,1.0,1.2,1621.5,2035.8,0.4,0.8,0.9,1.0,1.1,1.0,4.099862111576935,0.0,0.0,,,,4.4,7.8,1943.1,1.0,1.0,1.0,0.9996500000000001
UC5_P10_C20,run-20251216-201740_uc5_p10_c20_m2000_r10_s256_DIRECT,0.9996,0.0,1999.2,1999.2,2000.0,0.0,13.1,20.0,0.0,1.0,1.1,1632.3,2037.7,0.4,0.7,0.8,0.9,1.0,1.0,4.3526246840063925,0.0,0.0,,,,4.7,8.4,5279.3,1.0,1.0,1.0,0.9996
UC5_P10_C20,run-20251216-202146_uc5_p10_c20_m2000_r10_s256_DIRECT,0.9995,0.0,1999.0,1999.0,2000.0,0.0,13.2,20.0,0.0,1.0,1.3,1629.8,2053.1,0.7,1.1,1.1,1.1,1.1,1.0,4.149999028493932,0.7,0.2,3.5,3.5,3.5,3.2,6.8,1994.5,1.0,1.0,1.0,0.9995
UC5_P10_C20,run-20251216-202548_uc5_p10_c20_m2000_r10_s256_DIRECT,0.9996500000000001,0.0,1999.3,1999.3,2000.0,0.0,0.0,20.0,0.0,1.0,1.1,1620.6,2042.4,0.4,0.6,0.7,0.9,1.0,1.0,4.074935909889202,0.0,0.0,,,,3.1,6.6,1971.6,1.0,1.0,1.0,0.9996500000000001
UC5_P10_C20,run-20251216-202950_uc5_p10_c20_m2000_r10_s256_DIRECT,0.99975,0.0,1999.5,1999.5,2000.0,0.0,6.5,20.0,0.0,1.0,1.1,1622.7,2028.7,0.5,0.5,0.6,0.7,0.8,1.0,4.5998376655762625,0.0,0.0,,,,3.6,6.8,510.5,1.0,1.0,1.0,0.99975
UC5_P10_C20,run-20251216-203351_uc5_p10_c20_m2000_r10_s256_DIRECT,0.9996,0.0,1999.2,1999.2,2000.0,0.0,2.2,20.0,0.0,1.0,1.2,1615.8,2019.2,0.6,0.8,0.8,0.9,1.0,1.0,4.199859513344289,0.0,0.1,0.0,0.0,0.0,4.3,7.8,1974.7,1.0,1.0,1.0,0.9996
UC5_P10_C20,run-20251216-203753_uc5_p10_c20_m2000_r10_s256_DIRECT,0.9996,0.0,1999.2,1999.2,2000.0,0.0,0.0,20.0,0.0,1.0,1.1,1605.7,2019.7,0.4,0.6,0.6,0.6,0.7,1.0,3.7999222318066472,0.0,0.0,,,,2.4,5.8,1194.8,1.0,1.0,1.0,0.9996
UC5_P10_C30,run-20251216-191716_uc5_p10_c30_m2000_r10_s256_DIRECT,1.0,0.0,2000.0,2000.0,2000.0,0.0,0.0,30.0,0.0,1.0,1.5,2433.9,3045.9,0.8,1.2,1.4,1.6,2.3,1.0,4.453004917813034,0.0,0.0,,,,4.0,7.7,5541.2,1.0,1.0,1.0,1.0
UC5_P10_C30,run-20251216-192121_uc5_p10_c30_m2000_r10_s256_DIRECT,0.9998000000000001,0.0,1999.6,1999.6,2000.0,0.0,6.2,30.0,0.0,1.0,1.3,2446.9,3059.7,0.4,1.2,1.3,1.6,1.6,1.0,4.174602067239702,0.0,0.0,,,,3.8,7.3,1190.6,1.0,1.0,1.0,0.9998000000000001
UC5_P10_C30,run-20251216-192523_uc5_p10_c30_m2000_r10_s256_DIRECT,0.9997,0.0,1999.4,1999.4,2000.0,0.0,13.1,30.0,0.0,1.0,1.2,2449.0,3063.3,0.4,0.7,0.7,1.0,1.2,1.0,4.399845739719028,0.1,0.1,1.0,1.0,1.0,4.2,7.2,1991.2,1.0,1.0,1.0,0.9997
UC5_P10_C30,run-20251216-192925_uc5_p10_c30_m2000_r10_s256_DIRECT,0.9997,0.0,1999.4,1999.4,2000.0,0.0,13.1,30.0,0.0,1.0,1.0,2450.6,3074.1,0.4,0.7,0.8,1.0,1.1,1.0,4.09966466193912,0.0,0.0,,,,3.9,7.4,3664.2,1.0,1.0,1.0,0.9997
UC5_P10_C30,run-20251216-193329_uc5_p10_c30_m2000_r10_s256_DIRECT,0.9996,0.0,1999.2,1999.2,2000.0,0.0,16.1,30.0,0.0,1.0,1.0,2428.9,3040.7,0.5,0.7,0.7,0.8,0.8,1.0,3.921801292422515,0.2,0.1,2.0,2.0,2.0,3.5,7.2,2031.9,1.0,1.0,1.0,0.9996
UC5_P10_C30,run-20251216-193731_uc5_p10_c30_m2000_r10_s256_DIRECT,0.9995499999999999,0.0,1999.1,1999.1,2000.0,0.0,6.2,30.0,0.0,1.0,1.2,2439.4,3037.2,0.6,0.8,0.8,0.8,0.8,1.0,4.0998621023780135,0.3,0.1,3.0,3.0,3.0,3.6,7.2,2728.5,1.0,1.0,1.0,0.9995499999999999
UC5_P10_C30,run-20251216-194134_uc5_p10_c30_m2000_r10_s256_DIRECT,0.9996500000000001,0.0,1999.3,1999.3,2000.0,0.0,13.0,30.0,0.0,1.0,1.6,2431.3,3178.2,0.7,1.1,1.3,1.9,2.1,1.0,3.746322154817027,0.3,0.2,1.5,1.5,1.5,2.2,5.8,1249.0,1.0,1.0,1.0,0.9996500000000001
UC5_P10_C30,run-20251216-194535_uc5_p10_c30_m2000_r10_s256_DIRECT,0.9996500000000001,0.0,1999.3,1999.3,2000.0,0.0,13.0,30.0,0.0,1.0,1.3,2426.7,3041.2,0.5,0.9,0.9,1.0,1.1,1.0,4.0986840527799036,0.2,0.1,2.0,2.0,2.0,2.9,6.7,1959.0,1.0,1.0,1.0,0.9996500000000001
UC5_P10_C30,run-20251216-194937_uc5_p10_c30_m2000_r10_s256_DIRECT,0.9996,0.0,1999.2,1999.2,2000.0,0.0,10.3,30.0,0.0,1.0,1.2,2445.7,3052.0,0.7,0.8,0.8,1.1,1.3,1.0,3.9980768364161,0.5,0.1,5.0,5.0,5.0,4.2,7.0,2018.4,1.0,1.0,1.0,0.9996
UC5_P10_C30,run-20251216-195340_uc5_p10_c30_m2000_r10_s256_DIRECT,0.9996,0.0,1999.2,1999.2,2000.0,0.0,19.5,30.0,0.0,1.0,1.4,2440.0,3065.9,0.7,1.2,1.2,1.3,1.4,1.0,4.099848336261745,0.1,0.1,1.0,1.0,1.0,4.1,7.8,5319.7,1.0,1.0,1.0,0.9996
UC5_P20_C10,run-20251216-171111_uc5_p20_c10_m2000_r10_s256_DIRECT,0.9990249999999999,0.0,1998.05,1998.05,2000.0,0.0,3.25,10.0,0.0,0.8,1.3,810.75,1021.2,1.15,1.7,1.7,1.95,3.25,1.0,4.148987962100538,0.0,0.0,,,,8.2,11.55,2083.25,1.0,1.0,1.0,0.9990249999999999
UC5_P20_C10,run-20251216-171515_uc5_p20_c10_m2000_r10_s256_DIRECT,0.9989750000000001,0.0,1997.95,1997.95,2000.0,0.0,0.0,10.0,0.0,1.0,1.5,821.05,1038.35,0.85,1.6,1.7,2.1,2.1,1.0,3.7798687250105845,0.25,0.15,1.6666666666666667,1.6666666666666667,1.6666666666666667,7.3,10.7,4308.8,1.0,1.0,1.0,0.9989750000000001
UC5_P20_C10,run-20251216-171921_uc5_p20_c10_m2000_r10_s256_DIRECT,0.999125,0.0,1998.25,1998.25,2000.0,0.0,0.0,10.0,0.0,1.0,1.4,808.1,1008.65,1.2,1.35,1.35,1.35,1.4,1.0,3.8498909613127332,0.0,0.05,0.0,0.0,0.0,8.25,11.3,3564.45,1.0,1.0,1.0,0.999125
UC5_P20_C10,run-20251216-172326_uc5_p20_c10_m2000_r10_s256_DIRECT,0.9981,0.0,1996.2,1996.2,2000.0,0.0,3.3,10.0,0.0,1.0,1.6,815.75,1048.45,1.2,1.85,1.95,2.1,2.95,1.0,3.9963812491505997,0.05,0.05,1.0,1.0,1.0,8.0,11.3,1589.8,1.0,1.0,1.0,0.9981
UC5_P20_C10,run-20251216-172729_uc5_p20_c10_m2000_r10_s256_DIRECT,0.9993500000000001,0.0,1998.7,1998.7,2000.0,0.0,6.6,10.0,0.0,1.0,1.65,817.3,1069.85,1.45,2.3,2.45,3.0,4.5,1.0,4.100704368459324,0.45,0.15,3.0,3.0,3.0,8.9,11.95,3580.75,1.0,1.0,1.0,0.9993500000000001
UC5_P20_C10,run-20251216-173134_uc5_p20_c10_m2000_r10_s256_DIRECT,0.998,0.0,1996.0,1996.0,2000.0,0.0,0.35,10.0,0.0,1.0,1.55,808.45,1040.55,1.0,1.65,1.7,1.7,1.75,1.0,4.2806500088072,0.0,0.05,0.0,0.0,0.0,8.15,11.65,763.15,1.0,1.0,1.0,0.998
UC5_P20_C10,run-20251216-173536_uc5_p20_c10_m2000_r10_s256_DIRECT,0.949325,0.0,1898.65,1898.65,1900.0,0.0,0.0,10.0,0.0,1.105263157894737,1.631578947368421,855.2105263157895,1076.157894736842,1.3157894736842106,2.1052631578947367,2.3157894736842106,2.3684210526315788,3.1578947368421053,1.0,4.099175457694042,0.0,0.05,0.0,0.0,0.0,8.7,11.9,6823.25,1.0,1.0,0.95,0.949325
UC5_P20_C10,run-20251216-173945_uc5_p20_c10_m2000_r10_s256_DIRECT,0.0,0.0,0.0,0.0,0.0,0.0,0.0,10.0,,,,,,,,,,,,,0.0,0.0,,,,0.0,0.0,210001.2,0.0,0.0,0.0,
UC5_P20_C10,run-20251216-174324_uc5_p20_c10_m2000_r10_s256_DIRECT,0.9995,0.0,1999.0,1999.0,2000.0,0.0,0.0,10.0,0.0,1.0,1.3,810.5,1019.35,1.1,1.25,1.35,1.35,1.35,1.0,4.1283899270228375,0.4,0.1,4.0,4.0,4.0,7.65,11.3,9225.05,1.0,1.0,1.0,0.9995
UC5_P20_C10,run-20251216-174735_uc5_p20_c10_m2000_r10_s256_DIRECT,0.9495250000000001,0.0,1899.05,1899.05,1900.0,0.0,1.7,10.0,0.0,1.0,1.3157894736842106,854.5263157894736,1066.421052631579,1.0,1.105263157894737,1.1578947368421053,1.1578947368421053,1.1578947368421053,1.0,4.369566166861879,0.1,0.05,2.0,2.0,2.0,4.15,7.6,16736.35,1.0,0.95,0.95,0.9995
UC5_P20_C20,run-20251216-175334_uc5_p20_c20_m2000_r10_s256_DIRECT,0.9992000000000001,0.0,1998.4,1998.4,2000.0,0.0,4.85,20.0,0.0,1.0,1.35,1641.3,2066.85,0.75,1.4,1.65,1.8,2.05,1.0,3.7275289381038648,0.2,0.05,4.0,4.0,4.0,7.2,10.45,2840.3,1.0,1.0,1.0,0.9992000000000001
UC5_P20_C20,run-20251216-175739_uc5_p20_c20_m2000_r10_s256_DIRECT,0.9495250000000001,0.0,1899.05,1899.05,1900.0,0.0,11.45,20.0,0.0,1.0,1.5263157894736843,1726.2105263157894,2181.9473684210525,1.0526315789473684,1.894736842105263,2.0,2.0,2.0,1.0,4.105109462873827,0.3,0.15,3.0,3.0,3.0,5.0,7.65,11642.3,1.0,0.95,0.95,0.9995
UC5_P20_C20,run-20251216-180142_uc5_p20_c20_m2000_r10_s256_DIRECT,0.99875,0.0,1997.5,1997.5,2000.0,0.0,9.85,20.0,0.0,1.0,1.5,1625.75,2076.2,0.75,1.55,1.9,2.15,2.25,1.0,4.152268136159214,0.25,0.1,2.5,2.5,2.5,7.75,11.3,2117.85,1.0,1.0,1.0,0.99875
UC5_P20_C20,run-20251216-180546_uc5_p20_c20_m2000_r10_s256_DIRECT,0.999225,0.0,1998.45,1998.45,2000.0,0.0,0.0,20.0,0.0,1.0,1.4,1619.7,2028.7,1.0,1.55,1.6,1.7,1.85,1.0,4.1248059927891445,0.05,0.1,0.5,0.5,0.5,8.05,11.45,4432.5,1.0,1.0,1.0,0.999225
UC5_P20_C20,run-20251216-180952_uc5_p20_c20_m2000_r10_s256_DIRECT,0.9495250000000001,0.0,1899.05,1899.05,1900.0,0.0,0.0,20.0,0.0,1.0,1.4736842105263157,1712.157894736842,2154.4210526315787,1.0526315789473684,1.631578947368421,1.6842105263157894,1.8421052631578947,1.8421052631578947,1.0,4.037895052667734,0.0,0.0,,,,5.15,8.25,12980.15,1.0,0.95,0.95,0.9995
UC5_P20_C20,run-20251216-181356_uc5_p20_c20_m2000_r10_s256_DIRECT,0.997875,0.0,1995.75,1995.75,2000.0,0.0,8.15,20.0,0.0,1.05,1.6,1647.0,2086.9,1.1,2.05,2.4,3.35,4.4,1.0,3.601736191183965,0.1,0.15,1.0,1.0,1.0,8.45,11.1,1644.0,1.0,1.0,1.0,0.997875
UC5_P20_C20,run-20251216-181759_uc5_p20_c20_m2000_r10_s256_DIRECT,0.9977,0.0,1995.4,1995.4,2000.0,0.0,0.0,20.0,0.05,1.1,1.6,1627.45,2064.4,1.25,2.3,2.4,2.55,2.7,1.0,3.8066118320350597,0.2,0.05,4.0,4.0,4.0,7.65,10.95,1560.9,1.0,1.0,1.0,0.9977
UC5_P20_C20,run-20251216-182202_uc5_p20_c20_m2000_r10_s256_DIRECT,0.9496500000000001,0.0,1899.3,1899.3,1900.0,0.0,10.55,20.0,0.0,1.0,1.5263157894736843,1722.6842105263158,2159.315789473684,1.3157894736842106,1.5789473684210527,1.7894736842105263,1.894736842105263,1.9473684210526316,1.0,3.7515756994250236,0.2,0.15,2.0,2.0,2.0,4.15,7.35,15249.1,1.0,0.95,0.95,0.9996315789473685
UC5_P20_C20,run-20251216-182609_uc5_p20_c20_m2000_r10_s256_DIRECT,0.9495250000000001,0.0,1899.05,1899.05,1900.0,0.0,13.0,20.0,0.0,1.0,1.3157894736842106,1711.157894736842,2154.6315789473683,0.9473684210526315,1.1578947368421053,1.368421052631579,1.368421052631579,1.4736842105263157,1.0,4.209282983624943,0.05,0.05,1.0,1.0,1.0,4.5,7.9,13035.6,1.0,0.95,0.95,0.9995
UC5_P20_C20,run-20251216-183013_uc5_p20_c20_m2000_r10_s256_DIRECT,0.9996499999999999,0.0,1999.3,1999.3,2000.0,0.0,1.3,20.0,0.0,1.0,1.4,1633.45,2063.35,0.8,1.25,1.45,1.55,4.1,1.0,3.850716987494425,0.95,0.2,4.75,4.75,4.75,8.15,11.4,1279.2,1.0,1.0,1.0,0.9996499999999999
UC5_P20_C30,run-20251216-183508_uc5_p20_c30_m2000_r10_s256_DIRECT,0.95,0.0,1900.0,1900.0,1900.0,0.0,19.8,30.0,0.0,1.0,1.6842105263157894,2581.7894736842104,3250.7368421052633,1.5263157894736843,2.0526315789473686,2.3684210526315788,3.0,4.052631578947368,1.0,4.129222141604886,0.0,0.05,0.0,0.0,0.0,4.75,8.15,13015.45,1.0,0.95,0.95,1.0
UC5_P20_C30,run-20251216-183912_uc5_p20_c30_m2000_r10_s256_DIRECT,0.0,0.0,0.0,0.0,0.0,0.0,0.0,30.0,,,,,,,,,,,,,0.0,0.0,,,,0.0,0.0,210001.35,0.0,0.0,0.0,
UC5_P20_C30,run-20251216-184251_uc5_p20_c30_m2000_r10_s256_DIRECT,0.9495750000000001,0.0,1899.15,1899.15,1900.0,0.0,6.4,30.0,0.0,1.0,1.368421052631579,2578.9473684210525,3217.4210526315787,1.0526315789473684,1.3157894736842106,1.4210526315789473,1.4210526315789473,1.5263157894736843,1.0,4.076805960763623,0.0,0.0,,,,4.25,7.75,11619.45,1.0,0.95,0.95,0.9995526315789475
UC5_P20_C30,run-20251216-184654_uc5_p20_c30_m2000_r10_s256_DIRECT,0.9997999999999999,0.0,1999.6,1999.6,2000.0,0.0,16.5,30.0,0.0,1.0,1.55,2458.25,3091.7,0.85,1.8,2.55,2.55,3.9,1.0,4.00069731586593,0.0,0.05,0.0,0.0,0.0,7.55,10.75,7276.5,1.0,1.0,1.0,0.9997999999999999
UC5_P20_C30,run-20251216-185103_uc5_p20_c30_m2000_r10_s256_DIRECT,0.9991,0.0,1998.2,1998.2,2000.0,0.0,0.0,30.0,0.0,1.05,1.65,2531.4,3171.2,1.35,2.25,2.4,2.5,2.7,1.0,3.602238843443164,0.7,0.25,2.8,2.8,2.8,6.95,10.35,5962.9,1.0,1.0,1.0,0.9991
UC5_P20_C30,run-20251216-185511_uc5_p20_c30_m2000_r10_s256_DIRECT,0.999775,0.0,1999.55,1999.55,2000.0,0.0,6.6,30.0,0.0,1.05,1.45,2453.9,3115.8,0.65,2.0,2.25,2.7,3.85,1.0,4.012311945854424,0.05,0.1,0.5,0.5,0.5,8.1,11.65,2710.8,1.0,1.0,1.0,0.999775
UC5_P20_C30,run-20251216-185915_uc5_p20_c30_m2000_r10_s256_DIRECT,0.999475,0.0,1998.95,1998.95,2000.0,0.0,6.65,30.0,0.0,1.0,1.5,2456.55,3073.7,1.05,1.4,1.55,1.95,4.0,1.0,3.928727211431899,0.2,0.2,1.3333333333333333,1.3333333333333333,1.3333333333333333,7.45,10.85,6874.4,1.0,1.0,1.0,0.999475
UC5_P20_C30,run-20251216-190324_uc5_p20_c30_m2000_r10_s256_DIRECT,0.998875,0.0,1997.75,1997.75,2000.0,0.0,6.6,30.0,0.0,1.2,1.85,2440.6,3076.45,1.4,2.95,3.05,3.3,4.25,1.0,4.184156927275774,0.15,0.1,3.0,3.0,3.0,7.8,11.3,669.2,1.0,1.0,1.0,0.998875
UC5_P20_C30,run-20251216-190726_uc5_p20_c30_m2000_r10_s256_DIRECT,0.9979250000000001,0.0,1995.85,1995.85,2000.0,0.0,3.3,30.0,0.0,1.0,1.55,2451.25,3093.85,1.05,1.45,2.85,3.05,3.75,1.0,3.692939638362611,0.25,0.2,1.25,1.25,1.25,7.5,10.7,885.75,1.0,1.0,1.0,0.9979250000000001
UC5_P20_C30,run-20251216-191128_uc5_p20_c30_m2000_r10_s256_DIRECT,0.9977,0.0,1995.4,1995.4,2000.0,0.0,8.3,30.0,0.0,1.0,1.5,2454.75,3074.9,1.1,1.8,1.95,2.2,2.2,1.0,3.999856168031196,0.0,0.0,,,,7.35,10.65,1584.65,1.0,1.0,1.0,0.9977
UC5_P30_C10,run-20251216-162855_uc5_p30_c10_m2000_r10_s256_DIRECT,0.9990000000000001,0.0,1998.0,1998.0,2000.0,0.0,6.6,10.0,0.06666666666666667,1.0666666666666667,1.5666666666666667,817.9333333333333,1040.3333333333333,1.0666666666666667,2.1333333333333333,2.2666666666666666,2.3,5.6,1.0,3.9338508077454244,0.3333333333333333,0.1,3.3333333333333335,3.3333333333333335,3.3333333333333335,12.433333333333334,15.766666666666667,6563.466666666666,1.0,1.0,1.0,0.9990000000000001
UC5_P30_C10,run-20251216-163305_uc5_p30_c10_m2000_r10_s256_DIRECT,0.9988333333333334,0.0,1997.6666666666667,1997.6666666666667,2000.0,0.0,4.4,10.0,0.0,1.0666666666666667,1.8333333333333333,817.8,1044.8666666666666,1.4666666666666666,2.6666666666666665,3.3666666666666667,5.166666666666667,5.366666666666666,1.0,4.135998509647456,0.3,0.1,3.0,3.0,3.0,12.933333333333334,16.466666666666665,2075.5333333333333,1.0,1.0,1.0,0.9988333333333334
UC5_P30_C10,run-20251216-163710_uc5_p30_c10_m2000_r10_s256_DIRECT,0.9986333333333335,0.0,1997.2666666666667,1997.2666666666667,2000.0,0.0,2.2,10.0,0.06666666666666667,1.2,1.7,1023.0333333333333,1249.6333333333334,1.3333333333333333,3.2,3.3666666666666667,3.566666666666667,3.6666666666666665,1.0,3.842493141336581,0.1,0.13333333333333333,1.0,1.0,1.0,13.2,16.366666666666667,650.0333333333333,1.0,1.0,1.0,0.9986333333333335
UC5_P30_C10,run-20251216-164114_uc5_p30_c10_m2000_r10_s256_DIRECT,0.998,0.0,1996.0,1996.0,2000.0,0.0,6.566666666666666,10.0,0.06666666666666667,1.1,1.7666666666666666,817.0666666666667,1062.8,0.9333333333333333,2.6,2.7333333333333334,3.2,3.6666666666666665,1.0,4.03714567151074,0.2,0.1,2.0,2.0,2.0,15.0,18.233333333333334,3709.5,1.0,1.0,1.0,0.998
UC5_P30_C10,run-20251216-164521_uc5_p30_c10_m2000_r10_s256_DIRECT,0.9328833333333334,0.0,1865.7666666666667,1865.7666666666667,1866.6666666666667,0.0,0.0,10.0,0.0,1.1785714285714286,1.75,872.0357142857143,1105.2857142857142,1.0714285714285714,2.5,2.857142857142857,3.3214285714285716,3.3214285714285716,1.0,4.182463726935317,0.36666666666666664,0.1,5.0,5.0,5.0,9.966666666666667,13.3,8336.633333333333,1.0,0.9666666666666667,0.9333333333333333,0.9650517241379312
UC5_P30_C10,run-20251216-164926_uc5_p30_c10_m2000_r10_s256_DIRECT,0.9323333333333335,0.0,1864.6666666666667,1864.6666666666667,1933.3333333333333,0.0,2.2,10.0,0.034482758620689655,1.0,1.5862068965517242,838.0344827586207,1084.6896551724137,0.896551724137931,1.7586206896551724,1.9655172413793103,2.689655172413793,2.9310344827586206,1.0,4.050256183630063,7447.366666666667,0.13333333333333333,55855.25,55855.25,55855.25,13.5,16.9,858.3,1.0,1.0,0.9666666666666667,0.9323333333333335
UC5_P30_C10,run-20251216-165330_uc5_p30_c10_m2000_r10_s256_DIRECT,0.9660166666666667,0.0,1932.0333333333333,1932.0333333333333,1933.3333333333333,0.0,1.0666666666666667,10.0,0.034482758620689655,1.0,1.5172413793103448,840.7586206896551,1051.9310344827586,1.0689655172413792,2.2758620689655173,2.3448275862068964,2.3448275862068964,3.0344827586206895,1.0,3.7009495019398244,1.2,0.16666666666666666,7.2,7.2,7.2,13.3,16.566666666666666,500.53333333333336,1.0,1.0,0.9666666666666667,0.9660166666666667
UC5_P30_C10,run-20251216-165734_uc5_p30_c10_m2000_r10_s256_DIRECT,0.93215,0.0,1864.3,1864.3,1933.3333333333333,0.0,2.1666666666666665,10.0,0.2413793103448276,1.206896551724138,1.6896551724137931,838.1379310344828,1062.4137931034484,1.0344827586206897,1.5862068965517242,1.6206896551724137,2.1724137931034484,2.3448275862068964,1.0,4.06535139889291,0.3333333333333333,0.1,3.3333333333333335,3.3333333333333335,3.3333333333333335,12.766666666666667,16.2,2086.633333333333,1.0,1.0,0.9666666666666667,0.93215
UC5_P30_C10,run-20251216-170139_uc5_p30_c10_m2000_r10_s256_DIRECT,0.9973166666666667,0.0,1994.6333333333334,1994.6333333333334,2000.0,0.0,2.433333333333333,10.0,0.0,0.9333333333333333,1.7,820.2666666666667,1063.2333333333333,1.2333333333333334,2.2333333333333334,2.7333333333333334,3.3666666666666667,3.6,1.0,4.262497246369688,0.0,0.03333333333333333,0.0,0.0,0.0,14.6,18.166666666666668,888.7,1.0,1.0,1.0,0.9973166666666667
UC5_P30_C10,run-20251216-170543_uc5_p30_c10_m2000_r10_s256_DIRECT,0.9328666666666667,0.0,1865.7333333333333,1865.7333333333333,1866.6666666666667,0.0,4.266666666666667,10.0,0.0,1.0357142857142858,1.7142857142857142,875.8928571428571,1092.9642857142858,1.7857142857142858,2.0357142857142856,2.0357142857142856,2.0357142857142856,2.0357142857142856,1.0,4.052999591746594,0.0,0.0,,,,5.5,8.666666666666666,15065.833333333334,1.0,0.9333333333333333,0.9333333333333333,0.9995
UC5_P30_C20,run-20251216-154745_uc5_p30_c20_m2000_r10_s256_DIRECT,0.99965,0.0,1999.3,1999.3,2000.0,0.0,2.6,20.0,0.0,1.0333333333333334,1.8,1642.7666666666667,2083.633333333333,1.6,2.7333333333333334,2.933333333333333,3.3333333333333335,5.166666666666667,1.0,4.06637773929273,0.0,0.0,,,,12.833333333333334,15.933333333333334,517.0333333333333,1.0,1.0,1.0,0.99965
UC5_P30_C20,run-20251216-155153_uc5_p30_c20_m2000_r10_s256_DIRECT,0.8995833333333334,0.0,1799.1666666666667,1799.1666666666667,1866.6666666666667,0.0,4.666666666666667,20.0,0.0,1.0,1.4285714285714286,1759.75,2203.285714285714,1.1785714285714286,1.3571428571428572,1.5,1.5,1.6071428571428572,1.0,4.392647637643781,0.0,0.06666666666666667,0.0,0.0,0.0,5.233333333333333,8.666666666666666,19228.0,1.0,0.9333333333333333,0.9333333333333333,0.9638392857142858
UC5_P30_C20,run-20251216-155603_uc5_p30_c20_m2000_r10_s256_DIRECT,0.9000166666666666,0.0,1800.0333333333333,1800.0333333333333,1866.6666666666667,0.0,7.166666666666667,20.0,0.75,1.7857142857142858,2.357142857142857,1769.357142857143,2267.3571428571427,2.857142857142857,3.357142857142857,3.75,3.857142857142857,4.25,1.0,4.249765244621135,0.36666666666666664,0.13333333333333333,2.75,2.75,2.75,5.9,9.233333333333333,19950.033333333333,1.0,0.9333333333333333,0.9333333333333333,0.9643035714285714
UC5_P30_C20,run-20251216-160012_uc5_p30_c20_m2000_r10_s256_DIRECT,0.9659666666666666,0.0,1931.9333333333334,1931.9333333333334,1933.3333333333333,0.0,7.666666666666667,20.0,0.0,1.0344827586206897,1.6206896551724137,1699.448275862069,2141.344827586207,1.3103448275862069,1.793103448275862,2.103448275862069,2.4482758620689653,4.103448275862069,1.0,4.063005378868288,0.03333333333333333,0.1,0.3333333333333333,0.3333333333333333,0.3333333333333333,8.966666666666667,12.533333333333333,12629.6,1.0,0.9666666666666667,0.9666666666666667,0.9992758620689655
UC5_P30_C20,run-20251216-160421_uc5_p30_c20_m2000_r10_s256_DIRECT,0.0,0.0,0.0,0.0,0.0,0.0,0.0,20.0,,,,,,,,,,,,,0.0,0.0,,,,0.0,0.0,210001.16666666666,0.0,0.0,0.0,
UC5_P30_C20,run-20251216-160802_uc5_p30_c20_m2000_r10_s256_DIRECT,0.9653166666666666,0.0,1930.6333333333334,1930.6333333333334,1933.3333333333333,0.0,8.933333333333334,20.0,0.034482758620689655,1.1724137931034482,1.896551724137931,1711.0344827586207,2182.689655172414,1.5172413793103448,2.6551724137931036,4.620689655172414,5.068965517241379,6.172413793103448,1.0,3.939432454112986,0.23333333333333334,0.26666666666666666,0.6666666666666666,1.0,1.0,9.5,12.733333333333333,9061.633333333333,1.0,0.9666666666666667,0.9666666666666667,0.998603448275862
UC5_P30_C20,run-20251216-161208_uc5_p30_c20_m2000_r10_s256_DIRECT,0.9000166666666666,0.0,1800.0333333333333,1800.0333333333333,1866.6666666666667,0.0,10.0,20.0,0.21428571428571427,1.3928571428571428,1.8928571428571428,1765.607142857143,2269.3571428571427,1.5,2.8214285714285716,3.25,3.25,4.357142857142857,1.0,4.187145082728027,0.5333333333333333,0.03333333333333333,16.0,16.0,16.0,5.466666666666667,8.533333333333333,15716.7,1.0,0.9333333333333333,0.9333333333333333,0.9643035714285714
UC5_P30_C20,run-20251216-161613_uc5_p30_c20_m2000_r10_s256_DIRECT,0.9333166666666667,0.0,1866.6333333333334,1866.6333333333334,1866.6666666666667,0.0,6.666666666666667,20.0,0.03571428571428571,1.1785714285714286,1.8571428571428572,1762.9285714285713,2218.035714285714,1.8928571428571428,3.107142857142857,3.642857142857143,4.392857142857143,6.0,1.0,4.171731470454867,0.16666666666666666,0.13333333333333333,1.25,1.25,1.25,9.466666666666667,12.966666666666667,7521.0,1.0,0.9666666666666667,0.9333333333333333,0.9655
UC5_P30_C20,run-20251216-162017_uc5_p30_c20_m2000_r10_s256_DIRECT,0.9654,0.0,1930.8,1930.8,1933.3333333333333,0.0,2.533333333333333,20.0,0.0,1.0344827586206897,1.6551724137931034,1712.0,2189.9655172413795,1.4827586206896552,2.413793103448276,3.1379310344827585,4.137931034482759,4.586206896551724,1.0,4.237772321702776,0.06666666666666667,0.06666666666666667,1.0,1.0,1.0,8.0,11.433333333333334,8338.933333333332,1.0,0.9666666666666667,0.9666666666666667,0.9986896551724138
UC5_P30_C20,run-20251216-162421_uc5_p30_c20_m2000_r10_s256_DIRECT,0.9651833333333334,0.0,1930.3666666666666,1930.3666666666666,1933.3333333333333,0.0,9.7,20.0,0.034482758620689655,1.2413793103448276,1.8620689655172413,1700.9310344827586,2161.9310344827586,1.3793103448275863,3.206896551724138,3.4482758620689653,3.8620689655172415,3.8620689655172415,1.0,3.9505909768970944,0.03333333333333333,0.13333333333333333,0.25,0.25,0.25,9.9,13.1,8331.6,1.0,0.9666666666666667,0.9666666666666667,0.9984655172413793
UC5_P30_C30,run-20251216-133456_uc5_p30_c30_m2000_r10_s256_DIRECT,0.9654333333333334,0.0,1930.8666666666666,1930.8666666666666,1933.3333333333333,0.0,3.433333333333333,30.0,0.1724137931034483,1.5172413793103448,2.0689655172413794,2651.5172413793102,3334.448275862069,1.0689655172413792,2.6551724137931036,2.8275862068965516,4.0,4.9655172413793105,1.0,4.0163051568736385,0.16666666666666666,0.16666666666666666,1.0,1.0,1.0,14.033333333333333,17.3,3586.5,1.0,1.0,0.9666666666666667,0.9654333333333334
UC5_P30_C30,run-20251216-133907_uc5_p30_c30_m2000_r10_s256_DIRECT,0.9325166666666667,0.0,1865.0333333333333,1865.0333333333333,1933.3333333333333,0.0,16.1,30.0,0.41379310344827586,1.5517241379310345,2.206896551724138,2647.4137931034484,3284.0344827586205,1.0,1.6551724137931034,1.7241379310344827,2.7241379310344827,2.896551724137931,1.0,3.9677072563459435,0.5,0.16666666666666666,3.75,3.75,3.75,13.233333333333333,16.466666666666665,4342.066666666667,1.0,1.0,0.9666666666666667,0.9325166666666667
UC5_P30_C30,run-20251216-134319_uc5_p30_c30_m2000_r10_s256_DIRECT,0.9982166666666666,0.0,1996.4333333333334,1996.4333333333334,2000.0,0.0,13.966666666666667,30.0,0.23333333333333334,1.4333333333333333,2.1,2559.4,3214.5666666666666,1.2333333333333334,2.3666666666666667,3.0,3.1666666666666665,4.233333333333333,1.0,4.081895217690059,0.0,0.0,,,,12.466666666666667,15.833333333333334,1425.8333333333333,1.0,1.0,1.0,0.9982166666666666
UC5_P30_C30,run-20251216-134728_uc5_p30_c30_m2000_r10_s256_DIRECT,0.9652166666666667,0.0,1930.4333333333334,1930.4333333333334,1933.3333333333333,0.0,18.733333333333334,30.0,0.13793103448275862,1.3103448275862069,1.8620689655172413,2653.310344827586,3300.7586206896553,0.9310344827586207,1.4137931034482758,1.9310344827586208,2.413793103448276,2.5172413793103448,1.0,4.033523915668253,1.6666666666666667,0.16666666666666666,11.5,11.5,11.5,9.866666666666667,13.166666666666666,11779.266666666666,1.0,0.9666666666666667,0.9666666666666667,0.9985
UC5_P30_C30,run-20251216-135140_uc5_p30_c30_m2000_r10_s256_DIRECT,0.9323833333333333,0.0,1864.7666666666667,1864.7666666666667,1933.3333333333333,0.0,17.433333333333334,30.0,0.5862068965517241,1.7241379310344827,2.4482758620689653,2935.103448275862,3660.896551724138,0.9310344827586207,2.0,2.4827586206896552,3.7586206896551726,4.551724137931035,1.0,4.049177647200683,0.0,0.03333333333333333,0.0,0.0,0.0,13.8,17.0,1532.0,1.0,1.0,0.9666666666666667,0.9323833333333333
UC5_P30_C30,run-20251216-135549_uc5_p30_c30_m2000_r10_s256_DIRECT,0.9982333333333334,0.0,1996.4666666666667,1996.4666666666667,2000.0,0.0,17.033333333333335,30.0,0.1,1.4333333333333333,1.9,2844.4,3553.633333333333,0.9666666666666667,1.8333333333333333,2.1,2.566666666666667,3.2666666666666666,1.0,3.7051735820151834,7513.933333333333,0.06666666666666667,225418.0,225418.0,225418.0,14.8,17.333333333333332,2138.233333333333,1.0,1.0,1.0,0.9982333333333334
UC5_P30_C30,run-20251216-135959_uc5_p30_c30_m2000_r10_s256_DIRECT,0.9654833333333334,0.0,1930.9666666666667,1930.9666666666667,1933.3333333333333,0.0,15.933333333333334,30.0,0.27586206896551724,1.6551724137931034,2.2413793103448274,2648.4137931034484,3296.4137931034484,1.2758620689655173,2.7241379310344827,3.2758620689655173,3.8275862068965516,5.068965517241379,1.0,4.00495720208623,0.36666666666666664,0.13333333333333333,2.75,2.75,2.75,9.033333333333333,12.166666666666666,8301.166666666666,1.0,0.9666666666666667,0.9666666666666667,0.9987758620689655
UC5_P30_C30,run-20251216-140408_uc5_p30_c30_m2000_r10_s256_DIRECT,0.9333333333333333,0.0,1866.6666666666667,1866.6666666666667,1866.6666666666667,0.0,20.833333333333332,30.0,0.2857142857142857,1.4285714285714286,2.0357142857142856,2751.75,3425.035714285714,1.4285714285714286,1.9642857142857142,2.142857142857143,2.3214285714285716,4.642857142857143,1.0,4.103232898391296,0.5333333333333333,0.13333333333333333,4.0,4.0,4.0,9.066666666666666,12.5,10323.7,1.0,0.9666666666666667,0.9333333333333333,0.9655172413793104
UC5_P30_C30,run-20251216-140819_uc5_p30_c30_m2000_r10_s256_DIRECT,0.9648500000000001,0.0,1929.7,1929.7,1933.3333333333333,0.0,19.633333333333333,30.0,0.06896551724137931,1.4482758620689655,2.0344827586206895,2661.206896551724,3345.6206896551726,0.7586206896551724,1.8275862068965518,3.413793103448276,3.8620689655172415,4.172413793103448,1.0,3.9600632249099426,0.9666666666666667,0.16666666666666666,5.8,5.8,5.8,12.5,15.866666666666667,690.8333333333334,1.0,1.0,0.9666666666666667,0.9648500000000001
UC5_P30_C30,run-20251216-141227_uc5_p30_c30_m2000_r10_s256_DIRECT,0.9329166666666667,0.0,1865.8333333333333,1865.8333333333333,1866.6666666666667,0.0,19.133333333333333,30.0,0.25,1.7857142857142858,2.4285714285714284,2738.0714285714284,3429.25,1.0357142857142858,3.4642857142857144,3.4642857142857144,3.7142857142857144,4.607142857142857,1.0,4.086037029240918,0.8,0.2,5.5,5.75,5.75,9.9,13.233333333333333,13346.4,1.0,0.9666666666666667,0.9333333333333333,0.9650862068965518
UC5_P40_C10,run-20251216-105101_uc5_p40_c10_m2000_r10_s256_DIRECT,0.9249875,0.0,1849.975,1849.975,1850.0,0.0,1.65,10.0,0.1891891891891892,1.3243243243243243,1.972972972972973,879.2702702702703,1173.945945945946,2.7837837837837838,3.4594594594594597,3.6486486486486487,3.7837837837837838,5.837837837837838,1.0,4.208917989865617,0.925,0.2,5.5,5.5,5.5,5.8,9.05,18119.0,1.0,0.925,0.925,0.9999864864864865
UC5_P40_C10,run-20251216-105509_uc5_p40_c10_m2000_r10_s256_DIRECT,0.9494250000000001,0.0,1898.85,1898.85,1950.0,0.0,1.65,10.0,0.3076923076923077,1.358974358974359,2.1025641025641026,837.8205128205128,1094.923076923077,1.1282051282051282,2.5641025641025643,3.358974358974359,3.9743589743589745,5.538461538461538,1.0,4.1599775175834335,0.225,0.15,1.5,1.5,1.5,15.475,18.525,5763.1,1.0,0.975,0.975,0.9737692307692308
UC5_P40_C10,run-20251216-105914_uc5_p40_c10_m2000_r10_s256_DIRECT,0.8995625,0.0,1799.125,1799.125,1850.0,0.0,1.65,10.0,0.6216216216216216,1.6216216216216217,2.27027027027027,882.7297297297297,1125.5405405405406,1.4864864864864864,1.837837837837838,1.9189189189189189,1.9189189189189189,2.027027027027027,1.0,3.9470384306724036,2.525,0.4,6.3125,6.3125,6.3125,9.625,12.9,12236.6,1.0,0.95,0.925,0.9469078947368421
UC5_P40_C10,run-20251216-110321_uc5_p40_c10_m2000_r10_s256_DIRECT,0.9242750000000001,0.0,1848.55,1848.55,1900.0,0.0,4.95,10.0,0.21052631578947367,1.2105263157894737,1.8157894736842106,860.8684210526316,1082.6842105263158,1.1842105263157894,2.1578947368421053,2.289473684210526,2.3421052631578947,2.9473684210526314,1.0,3.978537043066631,0.65,0.2,3.25,3.25,3.25,14.475,17.675,10887.925,1.0,0.975,0.95,0.9479743589743591
UC5_P40_C10,run-20251216-110732_uc5_p40_c10_m2000_r10_s256_DIRECT,0.9488875,0.0,1897.775,1897.775,1900.0,0.0,6.6,10.0,0.05263157894736842,1.105263157894737,1.7105263157894737,861.3157894736842,1083.578947368421,1.5263157894736843,2.3421052631578947,2.3947368421052633,3.0,3.0,1.0,3.819944479919669,0.575,0.225,2.625,2.625,2.625,11.075,14.15,11016.275,1.0,0.95,0.95,0.9988289473684211
UC5_P40_C10,run-20251216-111138_uc5_p40_c10_m2000_r10_s256_DIRECT,0.973625,0.0,1947.25,1947.25,1950.0,0.0,1.65,10.0,0.07692307692307693,1.1794871794871795,1.8717948717948718,835.1794871794872,1072.5897435897436,1.2564102564102564,3.5128205128205128,4.0256410256410255,4.487179487179487,4.897435897435898,1.0,3.972447016329934,0.825,0.15,5.5,5.5,5.5,14.875,18.0,6546.075,1.0,0.975,0.975,0.9985897435897436
UC5_P40_C10,run-20251216-111544_uc5_p40_c10_m2000_r10_s256_DIRECT,0.9741500000000001,0.0,1948.3,1948.3,1950.0,0.0,6.675,10.0,0.0,0.9487179487179487,1.6923076923076923,841.2564102564103,1088.7692307692307,0.9743589743589743,2.0256410256410255,2.41025641025641,4.0,6.333333333333333,1.0,3.8303700814573416,1.075,0.175,5.75,10.0,10.0,19.425,22.6,713.725,1.0,1.0,0.975,0.9741500000000001
UC5_P40_C10,run-20251216-111949_uc5_p40_c10_m2000_r10_s256_DIRECT,0.925,0.0,1850.0,1850.0,1850.0,0.0,4.9,10.0,0.02702702702702703,1.1081081081081081,1.7297297297297298,882.1081081081081,1113.2972972972973,1.864864864864865,2.5135135135135136,2.5135135135135136,4.135135135135135,5.45945945945946,1.0,4.21775054338482,0.325,0.2,1.8571428571428572,1.8571428571428572,1.8571428571428572,10.0,13.4,11757.75,1.0,0.95,0.925,0.9736842105263158
UC5_P40_C10,run-20251216-112355_uc5_p40_c10_m2000_r10_s256_DIRECT,0.9249750000000001,0.0,1849.95,1849.95,1850.0,0.0,1.65,10.0,0.2702702702702703,1.3513513513513513,1.945945945945946,883.4054054054054,1159.027027027027,2.7837837837837838,3.4864864864864864,4.216216216216216,4.243243243243243,5.54054054054054,1.0,4.26332719194912,1.575,0.125,13.0,29.5,29.5,6.45,9.8,20279.95,1.0,0.925,0.925,0.999972972972973
UC5_P40_C10,run-20251216-112805_uc5_p40_c10_m2000_r10_s256_DIRECT,0.973075,0.0,1946.15,1946.15,1950.0,0.0,3.275,10.0,0.0,1.0,1.6923076923076923,837.0512820512821,1056.3333333333333,1.2820512820512822,1.8461538461538463,1.8461538461538463,3.0256410256410255,3.2051282051282053,1.0,3.891309653152154,0.175,0.1,2.3333333333333335,2.3333333333333335,2.3333333333333335,16.0,18.95,7366.475,1.0,0.975,0.975,0.9980256410256411
UC5_P40_C20,run-20251216-113224_uc5_p40_c20_m2000_r10_s256_DIRECT,0.9235125,0.0,1847.025,1847.025,1850.0,0.0,5.9,20.0,0.0,1.054054054054054,1.5675675675675675,1782.3513513513512,2237.6486486486488,1.4324324324324325,2.108108108108108,2.2432432432432434,2.810810810810811,2.810810810810811,1.0,4.220254149114588,0.55,0.125,4.4,4.4,4.4,10.5,13.925,11099.35,1.0,0.95,0.925,0.9721184210526316
UC5_P40_C20,run-20251216-113630_uc5_p40_c20_m2000_r10_s256_DIRECT,0.9243750000000001,0.0,1848.75,1848.75,1850.0,0.0,7.275,20.0,0.0,1.0,1.7567567567567568,1793.972972972973,2276.108108108108,1.162162162162162,2.027027027027027,2.5135135135135136,2.6486486486486487,3.189189189189189,1.0,4.35353850826382,0.025,0.025,1.0,1.0,1.0,10.35,13.725,12258.75,1.0,0.95,0.925,0.9730263157894737
UC5_P40_C20,run-20251216-114729_uc5_p40_c20_m2000_r10_s256_DIRECT,0.9733875000000001,0.0,1946.775,1946.775,1950.0,0.0,7.575,20.0,0.07692307692307693,1.5384615384615385,2.076923076923077,1745.2820512820513,2214.230769230769,1.0769230769230769,2.358974358974359,3.1794871794871793,3.41025641025641,5.102564102564102,1.0,3.837816835769329,0.125,0.075,1.6666666666666667,1.6666666666666667,1.6666666666666667,15.2,17.9,5924.725,1.0,0.975,0.975,0.998346153846154
UC5_P40_C20,run-20251216-122244_uc5_p40_c20_m2000_r10_s256_DIRECT,0.8995625,0.0,1799.125,1799.125,1800.0,0.0,9.475,20.0,0.5,1.6944444444444444,2.1944444444444446,1903.0,2364.972222222222,2.2222222222222223,2.3333333333333335,2.5833333333333335,2.7777777777777777,2.7777777777777777,1.0,4.2571917512498985,0.575,0.075,7.666666666666667,7.666666666666667,7.666666666666667,5.675,8.975,21664.325,1.0,0.925,0.9,0.9725
UC5_P40_C20,run-20251216-122701_uc5_p40_c20_m2000_r10_s256_DIRECT,0.9495125,0.0,1899.025,1899.025,1900.0,0.0,4.2,20.0,0.42105263157894735,1.5526315789473684,2.263157894736842,1800.6842105263158,2247.0,1.894736842105263,2.736842105263158,2.9473684210526314,3.1052631578947367,4.894736842105263,1.0,3.9332127148942,0.925,0.2,5.285714285714286,5.285714285714286,5.285714285714286,10.775,13.975,12933.625,1.0,0.95,0.95,0.9994868421052632
UC5_P40_C20,run-20251216-123115_uc5_p40_c20_m2000_r10_s256_DIRECT,0.9734250000000001,0.0,1946.85,1946.85,1950.0,0.0,7.65,20.0,0.1282051282051282,1.5384615384615385,2.128205128205128,1748.5384615384614,2202.8205128205127,1.1538461538461537,2.230769230769231,2.7948717948717947,3.5384615384615383,4.487179487179487,1.0,4.018707136244024,0.95,0.1,9.5,9.5,9.5,14.775,18.1,6568.1,1.0,0.975,0.975,0.9983846153846155
UC5_P40_C20,run-20251216-123527_uc5_p40_c20_m2000_r10_s256_DIRECT,0.89955,0.0,1799.1,1799.1,1800.0,0.0,6.225,20.0,0.3888888888888889,1.8611111111111112,2.3055555555555554,1906.5555555555557,2390.9166666666665,1.6666666666666667,2.6944444444444446,2.8055555555555554,3.111111111111111,3.2222222222222223,1.0,4.0270762518190315,0.575,0.05,11.5,11.5,11.5,5.5,8.575,18873.15,1.0,0.925,0.9,0.9724864864864865
UC5_P40_C20,run-20251216-123941_uc5_p40_c20_m2000_r10_s256_DIRECT,0.9489375000000001,0.0,1897.875,1897.875,1900.0,0.0,12.125,20.0,0.13157894736842105,1.6842105263157894,2.1578947368421053,2012.2105263157894,2515.2105263157896,1.105263157894737,1.894736842105263,2.1578947368421053,2.9473684210526314,6.7368421052631575,1.0,4.2478005481823695,0.675,0.05,13.5,13.5,13.5,9.85,13.125,11024.825,1.0,0.95,0.95,0.9988815789473685
UC5_P40_C20,run-20251216-124352_uc5_p40_c20_m2000_r10_s256_DIRECT,0.9492625,0.0,1898.525,1898.525,1900.0,0.0,10.325,20.0,0.18421052631578946,1.5263157894736843,2.0789473684210527,1794.2105263157894,2247.315789473684,1.0526315789473684,1.8157894736842106,2.1842105263157894,3.1315789473684212,4.815789473684211,1.0,4.113278518123721,0.1,0.075,1.3333333333333333,1.3333333333333333,1.3333333333333333,15.3,18.625,11640.45,1.0,0.975,0.95,0.9736025641025642
UC5_P40_C20,run-20251216-124810_uc5_p40_c20_m2000_r10_s256_DIRECT,0.9245875,0.0,1849.175,1849.175,1850.0,0.0,8.0,20.0,0.35135135135135137,1.6216216216216217,2.27027027027027,1844.054054054054,2321.2432432432433,1.4594594594594594,2.4594594594594597,3.108108108108108,3.3783783783783785,3.4594594594594597,1.0,3.9468263232099816,0.775,0.075,10.333333333333334,10.333333333333334,10.333333333333334,5.5,8.525,17505.925,1.0,0.925,0.925,0.9995540540540541
UC5_P40_C30,run-20251216-125230_uc5_p40_c30_m2000_r10_s256_DIRECT,0.9245375000000001,0.0,1849.075,1849.075,1850.0,0.0,11.475,30.0,0.3783783783783784,1.6216216216216217,2.2432432432432434,2813.189189189189,3507.4324324324325,1.2702702702702702,2.7837837837837838,3.1621621621621623,3.3783783783783785,3.5135135135135136,1.0,4.089275893017229,0.275,0.05,5.5,5.5,5.5,10.8,13.95,11699.6,1.0,0.95,0.925,0.9731973684210528
UC5_P40_C30,run-20251216-125642_uc5_p40_c30_m2000_r10_s256_DIRECT,0.8995750000000001,0.0,1799.15,1799.15,1850.0,0.0,20.4,30.0,0.4594594594594595,1.8108108108108107,2.4864864864864864,3070.5675675675675,3821.027027027027,1.2432432432432432,2.6486486486486487,3.27027027027027,3.5405405405405403,4.27027027027027,1.0,3.9994532646733356,6.675,0.225,29.666666666666668,29.666666666666668,29.666666666666668,11.375,14.225,11539.35,1.0,0.95,0.925,0.9469210526315791
UC5_P40_C30,run-20251216-130054_uc5_p40_c30_m2000_r10_s256_DIRECT,0.9488875,0.0,1897.775,1897.775,1900.0,0.0,8.875,30.0,0.2894736842105263,1.605263157894737,2.3157894736842106,2743.6315789473683,3417.3684210526317,1.5526315789473684,2.4210526315789473,3.5,4.026315789473684,4.868421052631579,1.0,4.150014103192919,0.775,0.075,10.333333333333334,10.333333333333334,10.333333333333334,11.125,13.925,13839.1,1.0,0.95,0.95,0.9988289473684211
UC5_P40_C30,run-20251216-130508_uc5_p40_c30_m2000_r10_s256_DIRECT,0.9492750000000001,0.0,1898.55,1898.55,1900.0,0.0,7.975,30.0,0.18421052631578946,1.7105263157894737,2.4210526315789473,2752.0,3438.5526315789475,1.1578947368421053,2.5789473684210527,3.236842105263158,4.0,4.605263157894737,1.0,3.9120624139569236,0.325,0.075,4.333333333333333,4.333333333333333,4.333333333333333,15.6,18.55,5808.3,1.0,0.975,0.95,0.9736153846153847
UC5_P40_C30,run-20251216-130920_uc5_p40_c30_m2000_r10_s256_DIRECT,0.9239,0.0,1847.8,1847.8,1850.0,0.0,10.725,30.0,0.16216216216216217,1.6756756756756757,2.2972972972972974,2816.5945945945946,3498.7837837837837,1.054054054054054,2.1621621621621623,2.7837837837837838,3.864864864864865,4.756756756756757,1.0,3.986751201082343,0.375,0.075,5.0,5.0,5.0,11.125,14.05,10984.2,1.0,0.95,0.925,0.9725263157894738
UC5_P40_C30,run-20251216-131331_uc5_p40_c30_m2000_r10_s256_DIRECT,0.9490875000000001,0.0,1898.175,1898.175,1900.0,0.0,10.7,30.0,0.2631578947368421,1.5789473684210527,2.1052631578947367,2751.8684210526317,3427.3947368421054,1.4210526315789473,2.210526315789474,2.763157894736842,3.263157894736842,3.789473684210526,1.0,3.9960084491619683,2.025,0.2,9.0,9.0,9.0,10.25,13.475,15087.8,1.0,0.95,0.95,0.9990394736842106
UC5_P40_C30,run-20251216-131747_uc5_p40_c30_m2000_r10_s256_DIRECT,0.9728,0.0,1945.6,1945.6,2000.0,0.0,15.725,30.0,0.775,1.925,2.55,2601.85,3249.925,1.1,2.625,2.825,3.975,6.5,1.0,3.580861386617541,1.525,0.175,8.714285714285714,8.714285714285714,8.714285714285714,20.25,23.275,2999.925,1.0,1.0,1.0,0.9728
UC5_P40_C30,run-20251216-132200_uc5_p40_c30_m2000_r10_s256_DIRECT,0.0,0.0,0.0,0.0,0.0,0.0,0.0,30.0,,,,,,,,,,,1.0,0.0,0.0,0.0,,,,0.0,0.0,210001.25,0.0,0.0,0.0,
UC5_P40_C30,run-20251216-132617_uc5_p40_c30_m2000_r10_s256_DIRECT,0.9245875,0.0,1849.175,1849.175,1850.0,0.0,12.35,30.0,0.2972972972972973,1.6216216216216217,2.2162162162162162,2812.7567567567567,3499.3513513513512,1.3513513513513513,2.5945945945945947,3.054054054054054,4.162162162162162,4.513513513513513,1.0,4.1534215132319074,1.6,0.075,21.333333333333332,21.333333333333332,21.333333333333332,10.6,13.85,12339.725,1.0,0.95,0.925,0.97325
UC5_P40_C30,run-20251216-133030_uc5_p40_c30_m2000_r10_s256_DIRECT,0.9239499999999999,0.0,1847.9,1847.9,1900.0,0.0,7.1,30.0,0.5526315789473685,2.026315789473684,2.5,2738.157894736842,3407.3684210526317,1.263157894736842,2.289473684210526,2.473684210526316,3.210526315789474,3.473684210526316,1.0,4.311483157530513,0.775,0.15,5.2,5.2,5.2,9.925,13.325,14446.025,1.0,0.95,0.95,0.972578947368421
UC5_P50_C10,run-20251216-100908_uc5_p50_c10_m2000_r10_s256_DIRECT,0.9393300000000001,0.0,1878.66,1878.66,1880.0,0.0,3.28,10.0,0.1276595744680851,1.2765957446808511,1.872340425531915,869.936170212766,1147.5106382978724,1.574468085106383,4.127659574468085,5.170212765957447,5.297872340425532,7.0638297872340425,1.0,4.051498686942081,0.38,0.06,6.333333333333333,6.333333333333333,6.333333333333333,16.38,19.56,9499.56,1.0,0.96,0.94,0.9784687500000001
UC5_P50_C10,run-20251216-101320_uc5_p50_c10_m2000_r10_s256_DIRECT,0.91997,0.0,1839.94,1839.94,1840.0,0.0,2.14,10.0,0.2826086956521739,1.434782608695652,2.0,892.2173913043479,1157.7391304347825,2.5,4.304347826086956,4.8478260869565215,4.869565217391305,7.239130434782608,1.0,4.266129946632966,0.48,0.16,3.4285714285714284,3.4285714285714284,3.4285714285714284,10.78,14.04,19941.12,1.0,0.94,0.92,0.9786914893617021
UC5_P50_C10,run-20251216-101734_uc5_p50_c10_m2000_r10_s256_DIRECT,0.9392400000000001,0.0,1878.48,1878.48,1880.0,0.0,2.6,10.0,0.1276595744680851,1.0425531914893618,1.702127659574468,892.2127659574468,1138.1702127659576,1.5106382978723405,2.765957446808511,3.404255319148936,3.4893617021276597,4.595744680851064,1.0,4.2180182028795565,0.54,0.08,6.75,6.75,6.75,16.78,20.1,10204.66,1.0,0.96,0.94,0.9783750000000001
UC5_P50_C10,run-20251216-102143_uc5_p50_c10_m2000_r10_s256_DIRECT,0.89955,0.0,1799.1,1799.1,1800.0,0.0,2.66,10.0,0.08888888888888889,1.3111111111111111,1.7777777777777777,930.7111111111111,1181.4222222222222,2.111111111111111,2.577777777777778,2.8,2.888888888888889,2.933333333333333,1.0,4.260375719612736,1.24,0.16,7.75,7.75,7.75,5.4,8.84,20429.98,1.0,0.92,0.9,0.9777717391304348
UC5_P50_C10,run-20251216-102554_uc5_p50_c10_m2000_r10_s256_DIRECT,0.9393600000000001,0.0,1878.72,1878.72,1880.0,0.0,4.52,10.0,0.0,1.0212765957446808,1.7659574468085106,877.7021276595744,1138.872340425532,1.0638297872340425,2.021276595744681,2.5319148936170213,2.5319148936170213,5.0212765957446805,1.0,3.9881674706380488,0.72,0.12,6.0,6.0,6.0,17.22,20.42,8815.94,1.0,0.96,0.94,0.9785
UC5_P50_C10,run-20251216-103001_uc5_p50_c10_m2000_r10_s256_DIRECT,0.91952,0.0,1839.04,1839.04,1840.0,0.0,2.6,10.0,0.08695652173913043,1.1304347826086956,1.7826086956521738,897.3913043478261,1139.304347826087,1.326086956521739,2.369565217391304,2.8043478260869565,3.369565217391304,3.391304347826087,1.0,4.020643668101154,0.26,0.1,3.25,3.25,3.25,11.8,14.86,17125.38,1.0,0.94,0.92,0.9782127659574468
UC5_P50_C10,run-20251216-103413_uc5_p50_c10_m2000_r10_s256_DIRECT,0.9395700000000001,0.0,1879.14,1879.14,1880.0,0.0,3.98,10.0,0.0851063829787234,1.1914893617021276,1.9361702127659575,874.5744680851063,1161.4468085106382,1.8085106382978724,2.9574468085106385,4.74468085106383,4.808510638297872,5.553191489361702,1.0,4.137655635988074,0.44,0.1,4.4,4.4,4.4,12.12,15.3,13656.2,1.0,0.94,0.94,0.9995425531914894
UC5_P50_C10,run-20251216-103820_uc5_p50_c10_m2000_r10_s256_DIRECT,0.91954,0.0,1839.08,1839.08,1840.0,0.0,5.3,10.0,0.13043478260869565,1.2391304347826086,1.8043478260869565,893.1739130434783,1115.4347826086957,1.7173913043478262,3.369565217391304,3.5869565217391304,3.9782608695652173,4.043478260869565,1.0,4.200457380734774,0.54,0.14,4.5,4.5,4.5,9.66,12.96,15062.64,1.0,0.94,0.92,0.9782340425531916
UC5_P50_C10,run-20251216-104230_uc5_p50_c10_m2000_r10_s256_DIRECT,0.91932,0.0,1838.64,1838.64,1840.0,0.0,0.0,10.0,0.021739130434782608,1.0434782608695652,1.826086956521739,889.1521739130435,1114.8260869565217,1.4565217391304348,1.8695652173913044,2.152173913043478,2.869565217391304,2.869565217391304,1.0,4.087407312441715,0.38,0.1,3.8,3.8,3.8,10.2,13.14,19947.84,1.0,0.94,0.92,0.978
UC5_P50_C10,run-20251216-104644_uc5_p50_c10_m2000_r10_s256_DIRECT,0.91955,0.0,1839.1,1839.1,1840.0,0.0,2.74,10.0,0.13043478260869565,1.173913043478261,1.7826086956521738,890.5869565217391,1125.2391304347825,1.891304347826087,2.0869565217391304,2.282608695652174,2.282608695652174,2.3043478260869565,1.0,4.326091866380639,0.52,0.08,6.5,6.5,6.5,6.1,9.22,19780.78,1.0,0.92,0.92,0.9995108695652174
UC5_P50_C20,run-20251216-091217_uc5_p50_c20_m2000_r10_s256_DIRECT,0.89955,0.0,1799.1,1799.1,1800.0,0.0,8.74,20.0,0.06666666666666667,1.1777777777777778,1.8444444444444446,1854.2666666666667,2333.711111111111,1.7777777777777777,2.6444444444444444,3.0,3.111111111111111,3.3555555555555556,1.0,4.177883322863538,0.26,0.08,3.25,3.25,3.25,6.24,9.4,17819.26,1.0,0.92,0.9,0.9777717391304348
UC5_P50_C20,run-20251216-091625_uc5_p50_c20_m2000_r10_s256_DIRECT,0.91954,0.0,1839.08,1839.08,1840.0,0.0,5.54,20.0,0.1956521739130435,1.2608695652173914,1.7826086956521738,1817.3478260869565,2278.6304347826085,2.0652173913043477,2.4347826086956523,2.8043478260869565,2.9130434782608696,3.347826086956522,1.0,4.204439830275736,0.12,0.04,3.0,3.0,3.0,6.24,9.38,18441.0,1.0,0.92,0.92,0.9995
UC5_P50_C20,run-20251216-092034_uc5_p50_c20_m2000_r10_s256_DIRECT,0.92,0.0,1840.0,1840.0,1840.0,0.0,7.54,20.0,0.34782608695652173,1.5217391304347827,2.1956521739130435,1820.3260869565217,2314.5434782608695,3.391304347826087,4.260869565217392,5.934782608695652,6.195652173913044,7.0,1.0,4.169809505967362,0.28,0.08,3.5,3.5,3.5,5.62,8.88,21815.58,1.0,0.92,0.92,1.0
UC5_P50_C20,run-20251216-092446_uc5_p50_c20_m2000_r10_s256_DIRECT,0.9395600000000001,0.0,1879.12,1879.12,1880.0,0.0,2.0,20.0,0.19148936170212766,1.3829787234042554,1.9361702127659575,1774.127659574468,2251.7021276595747,2.5531914893617023,4.829787234042553,5.170212765957447,5.319148936170213,6.1063829787234045,1.0,4.191046304108688,1.92,0.2,9.6,9.6,9.6,11.18,14.34,19119.48,1.0,0.94,0.94,0.999531914893617
UC5_P50_C20,run-20251216-092900_uc5_p50_c20_m2000_r10_s256_DIRECT,0.9396599999999999,0.0,1879.32,1879.32,1880.0,0.0,12.12,20.0,0.0425531914893617,1.0425531914893618,1.7446808510638299,2090.340425531915,2629.3617021276596,1.553191489361702,2.3191489361702127,2.7872340425531914,3.74468085106383,4.574468085106383,1.0,4.0460626657401395,0.3,0.14,2.1666666666666665,2.1666666666666665,2.1666666666666665,11.12,14.3,17118.9,1.0,0.94,0.94,0.9996382978723404
UC5_P50_C20,run-20251216-093311_uc5_p50_c20_m2000_r10_s256_DIRECT,0.91959,0.0,1839.18,1839.18,1840.0,0.0,7.48,20.0,0.13043478260869565,1.108695652173913,1.7826086956521738,1825.195652173913,2298.0,1.7826086956521738,3.3043478260869565,3.5434782608695654,3.847826086956522,4.130434782608695,1.0,3.8974930149831355,1.06,0.12,10.6,10.6,10.6,10.58,13.64,15751.48,1.0,0.94,0.92,0.9782872340425532
UC5_P50_C20,run-20251216-093722_uc5_p50_c20_m2000_r10_s256_DIRECT,0.91954,0.0,1839.08,1839.08,1840.0,0.0,7.22,20.0,0.0,1.173913043478261,1.891304347826087,1818.8478260869565,2283.0652173913045,1.5,2.0652173913043477,2.3260869565217392,2.3260869565217392,2.391304347826087,1.0,4.084997838199548,0.46,0.1,5.75,5.75,5.75,6.3,9.46,19098.48,1.0,0.92,0.92,0.9995
UC5_P50_C20,run-20251216-094131_uc5_p50_c20_m2000_r10_s256_DIRECT,0.9587600000000001,0.0,1917.52,1917.52,1920.0,0.0,5.9,20.0,0.0625,1.5,1.9791666666666667,1742.0,2261.5,1.1666666666666667,5.458333333333333,5.5,6.270833333333333,7.3125,1.0,4.08304572667593,0.8,0.18,4.75,4.75,4.75,16.46,19.7,10362.0,1.0,0.96,0.96,0.9987083333333334
UC5_P50_C20,run-20251216-094539_uc5_p50_c20_m2000_r10_s256_DIRECT,0.95824,0.0,1916.48,1916.48,1920.0,0.0,8.12,20.0,0.020833333333333332,0.9791666666666666,1.7083333333333333,1738.1041666666667,2181.8958333333335,1.0833333333333333,2.1458333333333335,2.5,3.625,3.7291666666666665,1.0,3.976802286676788,0.68,0.16,4.2,5.0,5.0,15.44,18.64,10377.68,1.0,0.96,0.96,0.9981666666666666
UC5_P50_C20,run-20251216-094948_uc5_p50_c20_m2000_r10_s256_DIRECT,0.9193300000000001,0.0,1838.66,1838.66,1840.0,0.0,5.46,20.0,0.021739130434782608,1.065217391304348,1.7608695652173914,1808.9782608695652,2283.0,1.2173913043478262,2.369565217391304,2.869565217391304,4.1521739130434785,4.282608695652174,1.0,4.167464763841914,0.1,0.08,1.6666666666666667,1.6666666666666667,1.6666666666666667,16.58,19.82,10295.62,1.0,0.96,0.92,0.9576354166666667
UC5_P50_C30,run-20251216-083015_uc5_p50_c30_m2000_r10_s256_DIRECT,0.93887,0.0,1877.74,1877.74,1880.0,0.0,19.4,30.0,0.0,0.9148936170212766,1.7659574468085106,2715.3617021276596,3399.1702127659573,1.0425531914893618,2.2127659574468086,2.617021276595745,3.9574468085106385,4.382978723404255,1.0,3.9379940631409798,0.72,0.04,18.0,18.0,18.0,20.88,23.94,4883.08,1.0,0.98,0.94,0.9580306122448979
UC5_P50_C30,run-20251216-083428_uc5_p50_c30_m2000_r10_s256_DIRECT,0.93955,0.0,1879.1,1879.1,1880.0,0.0,6.16,30.0,0.06382978723404255,1.2127659574468086,1.851063829787234,2874.255319148936,3605.744680851064,1.702127659574468,3.6595744680851063,4.170212765957447,4.9787234042553195,5.553191489361702,1.0,3.9793460944913157,0.16,0.06,2.6666666666666665,2.6666666666666665,2.6666666666666665,11.14,14.24,16437.16,1.0,0.94,0.94,0.9995212765957446
UC5_P50_C30,run-20251216-083838_uc5_p50_c30_m2000_r10_s256_DIRECT,0.9393300000000001,0.0,1878.66,1878.66,1880.0,0.0,9.52,30.0,0.0425531914893617,1.0425531914893618,1.851063829787234,2895.851063829787,3626.446808510638,1.3404255319148937,2.4680851063829787,3.851063829787234,4.914893617021277,6.340425531914893,1.0,4.050422619260554,0.06,0.02,3.0,3.0,3.0,16.42,19.62,11719.86,1.0,0.96,0.94,0.9784687500000001
UC5_P50_C30,run-20251216-084248_uc5_p50_c30_m2000_r10_s256_DIRECT,0.9394000000000001,0.0,1878.8,1878.8,1880.0,0.0,15.08,30.0,0.0851063829787234,1.0851063829787233,1.702127659574468,2711.8936170212764,3395.744680851064,1.4680851063829787,3.0638297872340425,3.5106382978723403,3.6595744680851063,4.574468085106383,1.0,3.8880814154429637,0.5,0.06,8.333333333333334,8.333333333333334,8.333333333333334,17.22,20.24,8973.62,1.0,0.96,0.94,0.9785416666666668
UC5_P50_C30,run-20251216-084656_uc5_p50_c30_m2000_r10_s256_DIRECT,0.93965,0.0,1879.3,1879.3,1880.0,0.0,11.94,30.0,0.0851063829787234,1.2127659574468086,1.8936170212765957,3250.978723404255,4038.1063829787236,1.702127659574468,3.3404255319148937,3.9574468085106385,4.829787234042553,6.23404255319149,1.0,4.167140040102635,0.48,0.12,3.8,3.8,3.8,18.04,21.24,11659.72,1.0,0.96,0.94,0.9788020833333334
UC5_P50_C30,run-20251216-085106_uc5_p50_c30_m2000_r10_s256_DIRECT,0.97748,0.0,1954.96,1954.96,1960.0,0.0,4.14,30.0,0.10204081632653061,1.0612244897959184,1.7142857142857142,2598.9795918367345,3245.530612244898,1.2653061224489797,3.163265306122449,3.6122448979591835,4.204081632653061,6.061224489795919,1.0,3.9370301094787856,1.1,0.1,11.0,11.0,11.0,19.66,22.72,6385.54,1.0,0.98,0.98,0.9974285714285714
UC5_P50_C30,run-20251216-085514_uc5_p50_c30_m2000_r10_s256_DIRECT,0.9580900000000001,0.0,1916.18,1916.18,1920.0,0.0,16.62,30.0,0.08333333333333333,1.0833333333333333,1.7083333333333333,2650.3333333333335,3312.2708333333335,1.3333333333333333,2.8125,3.5,3.9791666666666665,4.583333333333333,1.0,3.9600599273477513,0.04,0.08,0.5,0.5,0.5,16.26,19.44,9754.34,1.0,0.96,0.96,0.9980104166666668
UC5_P50_C30,run-20251216-085922_uc5_p50_c30_m2000_r10_s256_DIRECT,0.9000100000000001,0.0,1800.02,1800.02,1840.0,0.0,20.64,30.0,0.5869565217391305,1.6521739130434783,2.239130434782609,2936.2391304347825,3664.608695652174,1.3695652173913044,1.9565217391304348,2.217391304347826,3.739130434782609,7.586956521739131,1.0,4.0369643320327295,0.24,0.08,3.3333333333333335,3.3333333333333335,3.3333333333333335,11.72,14.7,13052.54,1.0,0.94,0.92,0.9574574468085106
UC5_P50_C30,run-20251216-090330_uc5_p50_c30_m2000_r10_s256_DIRECT,0.93932,0.0,1878.64,1878.64,1880.0,0.0,8.56,30.0,0.0425531914893617,1.1063829787234043,1.6808510638297873,2703.68085106383,3374.6170212765956,1.2765957446808511,2.723404255319149,3.0851063829787235,4.127659574468085,4.276595744680851,1.0,4.003090258662731,0.18,0.12,1.4,1.4,1.4,16.26,19.36,10279.8,1.0,0.96,0.94,0.9784583333333333
UC5_P50_C30,run-20251216-090738_uc5_p50_c30_m2000_r10_s256_DIRECT,0.9390700000000001,0.0,1878.14,1878.14,1880.0,0.0,21.32,30.0,0.1276595744680851,1.4042553191489362,1.9361702127659575,2890.4893617021276,3624.0851063829787,1.702127659574468,3.574468085106383,3.893617021276596,4.404255319148936,4.638297872340425,1.0,3.955732943418735,0.46,0.06,7.666666666666667,7.666666666666667,7.666666666666667,11.2,14.22,13753.0,1.0,0.94,0.94,0.9990106382978724
