uc,run,out_of_order
UC4_P10,run-20251201-165245_uc4_p10_m2000_r10_s256_RELAY,90.3
UC4_P10,run-20251201-165640_uc4_p10_m2000_r10_s256_RELAY,177.7
UC4_P10,run-20251201-170028_uc4_p10_m2000_r10_s256_RELAY,150.9
UC4_P10,run-20251201-170416_uc4_p10_m2000_r10_s256_RELAY,198.5
UC4_P10,run-20251201-170805_uc4_p10_m2000_r10_s256_RELAY,240.2
UC4_P10,run-20251201-171153_uc4_p10_m2000_r10_s256_RELAY,95.3
UC4_P10,run-20251201-171541_uc4_p10_m2000_r10_s256_RELAY,230.1
UC4_P10,run-20251201-171929_uc4_p10_m2000_r10_s256_RELAY,192.9
UC4_P10,run-20251201-172318_uc4_p10_m2000_r10_s256_RELAY,106.1
UC4_P10,run-20251201-172706_uc4_p10_m2000_r10_s256_RELAY,58.8
UC4_P20,run-20251201-205144_uc4_p20_m2000_r10_s256_RELAY,264.2
UC4_P20,run-20251201-205536_uc4_p20_m2000_r10_s256_RELAY,191.9
UC4_P20,run-20251201-205930_uc4_p20_m2000_r10_s256_RELAY,244.9
UC4_P20,run-20251201-210323_uc4_p20_m2000_r10_s256_RELAY,200.65
UC4_P20,run-20251201-210715_uc4_p20_m2000_r10_s256_RELAY,295.55
UC4_P20,run-20251201-211107_uc4_p20_m2000_r10_s256_RELAY,270.1
UC4_P20,run-20251201-211500_uc4_p20_m2000_r10_s256_RELAY,207.55
UC4_P20,run-20251201-211848_uc4_p20_m2000_r10_s256_RELAY,212.35
UC4_P20,run-20251201-212237_uc4_p20_m2000_r10_s256_RELAY,232.8
UC4_P20,run-20251201-212625_uc4_p20_m2000_r10_s256_RELAY,272.3
UC4_P30,run-20251201-213212_uc4_p30_m2000_r10_s256_RELAY,261.23333333333335
UC4_P30,run-20251201-213602_uc4_p30_m2000_r10_s256_RELAY,269.6333333333333
UC4_P30,run-20251201-213952_uc4_p30_m2000_r10_s256_RELAY,295.7
UC4_P30,run-20251201-214343_uc4_p30_m2000_r10_s256_RELAY,232.5
UC4_P30,run-20251201-214734_uc4_p30_m2000_r10_s256_RELAY,0.0
UC4_P30,run-20251201-214819_uc4_p30_m2000_r10_s256_RELAY,0.0
UC4_P30,run-20251201-214904_uc4_p30_m2000_r10_s256_RELAY,0.0
UC4_P30,run-20251201-214949_uc4_p30_m2000_r10_s256_RELAY,0.0
UC4_P30,run-20251201-215034_uc4_p30_m2000_r10_s256_RELAY,0.0
UC4_P30,run-20251201-215119_uc4_p30_m2000_r10_s256_RELAY,0.0
UC4_P30,run-20251202-030436_uc4_p30_m2000_r10_s256_RELAY,0.0
UC4_P30,run-20251202-030522_uc4_p30_m2000_r10_s256_RELAY,0.0
UC4_P30,run-20251202-030608_uc4_p30_m2000_r10_s256_RELAY,0.0
UC4_P30,run-20251202-030653_uc4_p30_m2000_r10_s256_RELAY,0.0
UC4_P30,run-20251202-030739_uc4_p30_m2000_r10_s256_RELAY,0.0
UC4_P30,run-20251202-030824_uc4_p30_m2000_r10_s256_RELAY,0.0
UC4_P30,run-20251202-030909_uc4_p30_m2000_r10_s256_RELAY,0.0
UC4_P30,run-20251202-030955_uc4_p30_m2000_r10_s256_RELAY,0.0
UC4_P30,run-20251202-031040_uc4_p30_m2000_r10_s256_RELAY,0.0
UC4_P30,run-20251202-031126_uc4_p30_m2000_r10_s256_RELAY,0.0
UC4_P40,run-20251201-215637_uc4_p40_m2000_r10_s256_RELAY,282.45
UC4_P40,run-20251201-220030_uc4_p40_m2000_r10_s256_RELAY,232.95
UC4_P40,run-20251201-220422_uc4_p40_m2000_r10_s256_RELAY,231.95
UC4_P40,run-20251201-220815_uc4_p40_m2000_r10_s256_RELAY,283.15
UC4_P40,run-20251201-221207_uc4_p40_m2000_r10_s256_RELAY,0.0
UC4_P40,run-20251201-221255_uc4_p40_m2000_r10_s256_RELAY,0.0
UC4_P40,run-20251201-221342_uc4_p40_m2000_r10_s256_RELAY,0.0
UC4_P40,run-20251201-221429_uc4_p40_m2000_r10_s256_RELAY,0.0
UC4_P40,run-20251201-221517_uc4_p40_m2000_r10_s256_RELAY,0.0
UC4_P40,run-20251201-221604_uc4_p40_m2000_r10_s256_RELAY,0.0
UC4_P40,run-20251202-025145_uc4_p40_m2000_r10_s256_RELAY,284.95
UC4_P40,run-20251202-025537_uc4_p40_m2000_r10_s256_RELAY,271.55
UC4_P50,run-20251201-221723_uc4_p50_m2000_r10_s256_RELAY,0.0
UC4_P50,run-20251201-221813_uc4_p50_m2000_r10_s256_RELAY,0.0
UC4_P50,run-20251201-221902_uc4_p50_m2000_r10_s256_RELAY,0.0
UC4_P50,run-20251201-221952_uc4_p50_m2000_r10_s256_RELAY,0.0
UC4_P50,run-20251201-222041_uc4_p50_m2000_r10_s256_RELAY,0.0
UC4_P50,run-20251201-222130_uc4_p50_m2000_r10_s256_RELAY,0.0
UC4_P50,run-20251201-222219_uc4_p50_m2000_r10_s256_RELAY,0.0
UC4_P50,run-20251201-222309_uc4_p50_m2000_r10_s256_RELAY,0.0
UC4_P50,run-20251201-222358_uc4_p50_m2000_r10_s256_RELAY,0.0
UC4_P50,run-20251202-021113_uc4_p50_m2000_r10_s256_RELAY,237.64
UC4_P50,run-20251202-021507_uc4_p50_m2000_r10_s256_RELAY,269.1
UC4_P50,run-20251202-021902_uc4_p50_m2000_r10_s256_RELAY,239.64
UC4_P50,run-20251202-022257_uc4_p50_m2000_r10_s256_RELAY,252.12
UC4_P50,run-20251202-022651_uc4_p50_m2000_r10_s256_RELAY,239.48
UC4_P50,run-20251202-023045_uc4_p50_m2000_r10_s256_RELAY,291.62
UC4_P50,run-20251202-023440_uc4_p50_m2000_r10_s256_RELAY,297.56
UC4_P50,run-20251202-023835_uc4_p50_m2000_r10_s256_RELAY,282.44
UC4_P50,run-20251202-024230_uc4_p50_m2000_r10_s256_RELAY,285.72
UC4_P50,run-20251202-024625_uc4_p50_m2000_r10_s256_RELAY,253.32
