uc,run,delivery_rate,duplicate_rate,received_unique,recv_total,total_expected,duplicates,out_of_order,lat_min,lat_p50,lat_p90,lat_p99,lat_max,ldh_min,ldh_p50,ldh_p90,ldh_p99,ldh_max,convergence_time_ms,pr_avg_ratio,rt_avg_ms,rt_p50_ms,rt_p90_ms,rt_max_ms,disconnect_events,reconnect_events,reconnect_samples,join_wait_ms,sender_joined,joined,saw_test,convergence_time_s,delivery_rate_joined_only,reconnect_samples_joined_only
UC4_P10,run-20251201-165245_uc4_p10_m2000_r10_s256_RELAY,0.6,0.0,1200.0,1200.0,1200.0,0.0,90.3,28.166666666666668,85.33333333333333,248.0,411.8333333333333,865.6666666666666,0.3333333333333333,0.8333333333333334,1.1666666666666667,1.6666666666666667,2.5,202677.5,1.0,3729.25,7368.75,7368.75,7368.75,1.0,0.6,0.6,13397.1,1.0,0.6,0.6,202.6775,1.0,1.0
UC4_P10,run-20251201-165640_uc4_p10_m2000_r10_s256_RELAY,0.8977499999999999,0.0,1795.5,1795.5,1800.0,0.0,177.7,36.22222222222222,124.22222222222223,312.1111111111111,524.4444444444445,1097.3333333333333,0.4444444444444444,0.7777777777777778,1.6666666666666667,2.5555555555555554,3.5555555555555554,202664.625,1.0,10508.444444444445,729.3333333333334,30860.777777777777,30860.777777777777,3.4,3.3,2.7,4772.2,1.0,0.9,0.9,202.664625,0.9974999999999999,3.0
UC4_P10,run-20251201-170028_uc4_p10_m2000_r10_s256_RELAY,0.79965,0.0,1599.3,1599.3,1600.0,0.0,150.9,31.625,149.0,394.375,781.625,1325.125,0.375,0.75,1.5,2.75,4.25,202484.57142857142,1.0,1795.625,1099.125,4554.75,4554.75,2.4,2.3,2.1,6847.5,1.0,0.8,0.8,202.48457142857143,0.9995625,2.625
UC4_P10,run-20251201-170416_uc4_p10_m2000_r10_s256_RELAY,0.8996000000000001,0.0,1799.2,1799.2,1800.0,0.0,198.5,41.44444444444444,171.33333333333334,370.6666666666667,612.0,1607.2222222222222,0.5555555555555556,0.8888888888888888,2.0,3.111111111111111,4.222222222222222,202654.14285714287,1.0,843.7777777777778,1307.6666666666667,1614.5555555555557,1614.5555555555557,3.6,2.9,2.2,3966.4,1.0,0.9,0.9,202.65414285714286,0.9995555555555556,2.4444444444444446
UC4_P10,run-20251201-170805_uc4_p10_m2000_r10_s256_RELAY,1.0,0.0,2000.0,2000.0,2000.0,0.0,240.2,38.0,188.4,414.8,664.8,1007.4,0.4,1.0,1.9,3.3,4.6,202572.9,1.0,7939.1,15194.4,15346.9,15346.9,4.2,3.8,2.3,1349.4,1.0,1.0,1.0,202.5729,1.0,2.3
UC4_P10,run-20251201-171153_uc4_p10_m2000_r10_s256_RELAY,0.69955,0.0,1399.1,1399.1,1400.0,0.0,95.3,30.0,106.42857142857143,313.57142857142856,554.7142857142857,1079.857142857143,0.2857142857142857,0.8571428571428571,1.5714285714285714,2.2857142857142856,3.142857142857143,202593.5,1.0,13562.57142857143,25101.571428571428,25104.571428571428,25104.571428571428,1.6,1.4,1.2,9747.2,1.0,0.7,0.7,202.5935,0.9993571428571428,1.7142857142857142
UC4_P10,run-20251201-171541_uc4_p10_m2000_r10_s256_RELAY,1.0,0.0,2000.0,2000.0,2000.0,0.0,230.1,35.8,194.7,435.3,717.6,1084.0,0.5,1.1,2.1,3.2,4.7,202457.4,1.0,4429.222222222223,4682.888888888889,9086.444444444445,9086.444444444445,3.5,3.4,2.1,962.5,1.0,1.0,1.0,202.4574,1.0,2.1
UC4_P10,run-20251201-171929_uc4_p10_m2000_r10_s256_RELAY,0.9996,0.0,1999.2,1999.2,2000.0,0.0,192.9,40.5,137.9,339.8,552.1,1159.5,0.3,0.9,1.6,2.8,4.4,202737.25,1.0,1272.3,1443.9,2660.9,2660.9,4.2,3.7,2.9,1641.6,1.0,1.0,1.0,202.73725,0.9996,2.9
UC4_P10,run-20251201-172318_uc4_p10_m2000_r10_s256_RELAY,0.6966,0.0,1393.2,1393.2,1400.0,0.0,106.1,28.571428571428573,89.14285714285714,255.57142857142858,491.85714285714283,1235.5714285714287,0.14285714285714285,0.7142857142857143,1.0,1.8571428571428572,2.7142857142857144,202585.0,1.0,6453.5,6456.0,6473.833333333333,6473.833333333333,1.3,1.1,1.0,10848.7,1.0,0.7,0.7,202.585,0.9951428571428572,1.4285714285714286
UC4_P10,run-20251201-172706_uc4_p10_m2000_r10_s256_RELAY,0.4,0.0,800.0,800.0,800.0,0.0,58.8,25.75,73.5,207.75,319.5,557.5,0.0,0.75,0.75,1.5,2.0,202607.5,1.0,,,,,0.0,0.0,0.0,19027.3,1.0,0.4,0.4,202.6075,1.0,0.0
UC4_P20,run-20251201-205144_uc4_p20_m2000_r10_s256_RELAY,0.84785,0.0,1695.7,1695.7,1700.0,0.0,264.2,60.94117647058823,251.11764705882354,471.5882352941176,733.5294117647059,1720.8235294117646,0.6470588235294118,1.0588235294117647,2.6470588235294117,4.294117647058823,5.882352941176471,202540.25,1.0,1965.125,984.375,6631.375,6796.3125,5.75,5.5,4.1,6095.55,1.0,0.85,0.85,202.54025,0.9974705882352941,4.823529411764706
UC4_P20,run-20251201-205536_uc4_p20_m2000_r10_s256_RELAY,0.6971999999999999,0.0,1394.4,1394.4,1400.0,0.0,191.9,56.92857142857143,284.64285714285717,592.7857142857143,1006.7857142857143,1470.5,0.7142857142857143,1.6428571428571428,2.5,3.7857142857142856,5.785714285714286,202932.61538461538,1.0,8638.846153846154,8521.0,9389.153846153846,9389.153846153846,2.3,2.2,1.4,10742.75,1.0,0.7,0.7,202.9326153846154,0.9959999999999999,2.0
UC4_P20,run-20251201-205930_uc4_p20_m2000_r10_s256_RELAY,0.947525,0.0,1895.05,1895.05,1900.0,0.0,244.9,55.1578947368421,266.89473684210526,547.3157894736842,930.3157894736842,2865.4210526315787,0.7368421052631579,1.4736842105263157,2.789473684210526,4.2105263157894735,6.315789473684211,202647.2142857143,1.0,11816.111111111111,7373.333333333333,27617.11111111111,27716.555555555555,6.05,5.65,4.05,3331.0,1.0,0.95,0.95,202.64721428571428,0.9973947368421051,4.2631578947368425
UC4_P20,run-20251201-210323_uc4_p20_m2000_r10_s256_RELAY,0.799575,0.0,1599.15,1599.15,1600.0,0.0,200.65,55.5,238.25,476.0,792.375,2091.6875,0.5625,1.0625,2.5,4.5,6.375,202574.92857142858,1.0,3429.266666666667,800.2666666666667,13326.533333333333,13766.266666666666,5.85,5.45,3.75,7004.55,1.0,0.8,0.8,202.5749285714286,0.99946875,4.6875
UC4_P20,run-20251201-210715_uc4_p20_m2000_r10_s256_RELAY,0.9470750000000001,0.0,1894.15,1894.15,1900.0,0.0,295.55,62.8421052631579,361.3157894736842,655.9473684210526,982.8947368421053,1474.3157894736842,0.7368421052631579,1.8421052631578947,3.526315789473684,5.421052631578948,7.2631578947368425,203177.0,1.0,2586.0526315789475,1560.0526315789473,7639.894736842105,10278.578947368422,8.65,8.1,5.3,3315.45,1.0,0.95,0.95,203.177,0.996921052631579,5.578947368421052
UC4_P20,run-20251201-211107_uc4_p20_m2000_r10_s256_RELAY,0.99925,0.0,1998.5,1998.5,2000.0,0.0,270.1,59.25,293.65,560.85,867.2,2304.3,0.65,1.45,2.85,4.9,6.85,202761.93333333332,1.0,1004.0,466.8421052631579,3134.7368421052633,3212.315789473684,7.05,6.35,4.3,1383.4,1.0,1.0,1.0,202.76193333333333,0.99925,4.3
UC4_P20,run-20251201-211500_uc4_p20_m2000_r10_s256_RELAY,0.8492750000000001,0.0,1698.55,1698.55,1700.0,0.0,207.55,48.294117647058826,203.1764705882353,449.70588235294116,843.2352941176471,3401.6470588235293,0.5882352941176471,1.0,2.0,3.764705882352941,5.705882352941177,202496.23076923078,1.0,2761.214285714286,2243.214285714286,3581.714285714286,4951.357142857143,4.1,3.8,2.7,5739.65,1.0,0.85,0.85,202.49623076923078,0.9991470588235295,3.176470588235294
UC4_P20,run-20251201-211848_uc4_p20_m2000_r10_s256_RELAY,0.7974249999999999,0.0,1594.85,1594.85,1600.0,0.0,212.35,51.5,269.375,543.8125,895.75,1505.625,0.8125,1.3125,2.625,3.9375,5.8125,202260.5,1.0,7821.066666666667,4422.133333333333,20317.8,23303.733333333334,4.7,4.4,3.0,7323.15,1.0,0.8,0.8,202.2605,0.99678125,3.75
UC4_P20,run-20251201-212237_uc4_p20_m2000_r10_s256_RELAY,0.8483,0.0,1696.6,1696.6,1700.0,0.0,232.8,61.470588235294116,319.0,663.0,1084.7058823529412,2291.5882352941176,0.7647058823529411,1.6470588235294117,2.764705882352941,4.823529411764706,6.588235294117647,202522.6,1.0,7704.35294117647,2118.176470588235,26090.823529411766,26090.823529411766,5.75,5.55,3.55,5411.6,1.0,0.85,0.85,202.5226,0.9980000000000001,4.176470588235294
UC4_P20,run-20251201-212625_uc4_p20_m2000_r10_s256_RELAY,0.949225,0.0,1898.45,1898.45,1900.0,0.0,272.3,62.31578947368421,274.2105263157895,522.0526315789474,903.0526315789474,1638.8947368421052,0.6842105263157895,1.3157894736842106,3.1052631578947367,5.0,7.0,202436.61538461538,1.0,1120.7894736842106,531.8947368421053,3282.2631578947367,3576.684210526316,7.9,7.15,5.0,2971.8,1.0,0.95,0.95,202.43661538461538,0.9991842105263158,5.2631578947368425
UC4_P30,run-20251201-213212_uc4_p30_m2000_r10_s256_RELAY,0.8639833333333333,0.0,1727.9666666666667,1727.9666666666667,1733.3333333333333,0.0,261.23333333333335,64.6923076923077,331.3076923076923,608.0769230769231,1032.7307692307693,2122.3076923076924,0.8076923076923077,1.8461538461538463,3.6153846153846154,5.769230769230769,8.538461538461538,202482.0909090909,1.0,1878.44,704.84,3448.56,9291.88,8.133333333333333,7.8,4.733333333333333,5635.1,1.0,0.8666666666666667,0.8666666666666667,202.4820909090909,0.9969038461538461,5.461538461538462
UC4_P30,run-20251201-213602_uc4_p30_m2000_r10_s256_RELAY,0.8655166666666666,0.0,1731.0333333333333,1731.0333333333333,1733.3333333333333,0.0,269.6333333333333,65.26923076923077,330.7692307692308,611.5384615384615,1079.5384615384614,1746.3846153846155,0.9615384615384616,2.269230769230769,3.8461538461538463,5.6923076923076925,7.923076923076923,202573.5,1.0,1779.04,778.92,4766.2,6941.88,6.866666666666666,6.466666666666667,4.3,5415.133333333333,1.0,0.8666666666666667,0.8666666666666667,202.5735,0.9986730769230768,4.961538461538462
UC4_P30,run-20251201-213952_uc4_p30_m2000_r10_s256_RELAY,0.8623333333333334,0.0,1724.6666666666667,1724.6666666666667,1733.3333333333333,0.0,295.7,75.92307692307692,363.61538461538464,630.7692307692307,942.8076923076923,1553.6538461538462,0.9230769230769231,2.0384615384615383,3.923076923076923,5.538461538461538,7.538461538461538,202345.33333333334,1.0,1767.96,836.4,4044.4,7692.16,7.433333333333334,7.2,5.233333333333333,5803.633333333333,1.0,0.8666666666666667,0.8666666666666667,202.34533333333334,0.995,6.038461538461538
UC4_P30,run-20251201-214343_uc4_p30_m2000_r10_s256_RELAY,0.7629333333333334,0.0,1525.8666666666666,1525.8666666666666,1533.3333333333333,0.0,232.5,64.47826086956522,289.3478260869565,571.0869565217391,1026.2608695652175,1922.9130434782608,0.7391304347826086,1.434782608695652,3.1739130434782608,4.739130434782608,6.826086956521739,202554.26666666666,1.0,4531.9473684210525,4788.526315789473,10016.473684210527,16354.157894736842,4.3,3.966666666666667,2.8333333333333335,9340.333333333334,1.0,0.7666666666666667,0.7666666666666667,202.55426666666665,0.9951304347826088,3.6956521739130435
UC4_P30,run-20251201-214734_uc4_p30_m2000_r10_s256_RELAY,0.0,0.0,0.0,0.0,0.0,0.0,0.0,,,,,,,,,,,,1.0,,,,,3.1,2.933333333333333,0.0,12853.5,0.0,0.6,0.0,,0.0,0.0
UC4_P30,run-20251201-214819_uc4_p30_m2000_r10_s256_RELAY,0.0,0.0,0.0,0.0,0.0,0.0,0.0,,,,,,,,,,,,1.0,,,,,4.633333333333334,4.233333333333333,0.0,7876.3,0.0,0.7666666666666667,0.0,,0.0,0.0
UC4_P30,run-20251201-214904_uc4_p30_m2000_r10_s256_RELAY,0.0,0.0,0.0,0.0,0.0,0.0,0.0,,,,,,,,,,,,1.0,,,,,3.033333333333333,2.9,0.0,9813.533333333333,0.0,0.7,0.0,,0.0,0.0
UC4_P30,run-20251201-214949_uc4_p30_m2000_r10_s256_RELAY,0.0,0.0,0.0,0.0,0.0,0.0,0.0,,,,,,,,,,,,1.0,,,,,5.1,4.766666666666667,0.0,6463.666666666667,0.0,0.8333333333333334,0.0,,0.0,0.0
UC4_P30,run-20251201-215034_uc4_p30_m2000_r10_s256_RELAY,0.0,0.0,0.0,0.0,0.0,0.0,0.0,,,,,,,,,,,,1.0,,,,,2.2333333333333334,2.1,0.0,13554.9,0.0,0.5666666666666667,0.0,,0.0,0.0
UC4_P30,run-20251201-215119_uc4_p30_m2000_r10_s256_RELAY,0.0,0.0,0.0,0.0,0.0,0.0,0.0,,,,,,,,,,,,1.0,,,,,4.233333333333333,4.0,0.0,8992.0,0.0,0.7333333333333333,0.0,,0.0,0.0
UC4_P30,run-20251202-030436_uc4_p30_m2000_r10_s256_RELAY,0.0,0.0,0.0,0.0,0.0,0.0,0.0,,,,,,,,,,,,1.0,,,,,2.6,2.533333333333333,0.0,10696.0,0.0,0.7,0.0,,0.0,0.0
UC4_P30,run-20251202-030522_uc4_p30_m2000_r10_s256_RELAY,0.0,0.0,0.0,0.0,0.0,0.0,0.0,,,,,,,,,,,,1.0,,,,,4.766666666666667,4.566666666666666,0.0,10868.433333333332,0.0,0.6666666666666666,0.0,,0.0,0.0
UC4_P30,run-20251202-030608_uc4_p30_m2000_r10_s256_RELAY,0.0,0.0,0.0,0.0,0.0,0.0,0.0,,,,,,,,,,,,1.0,,,,,3.3666666666666667,3.1,0.0,8878.933333333332,0.0,0.7666666666666667,0.0,,0.0,0.0
UC4_P30,run-20251202-030653_uc4_p30_m2000_r10_s256_RELAY,0.0,0.0,0.0,0.0,0.0,0.0,0.0,,,,,,,,,,,,1.0,,,,,4.133333333333334,3.8333333333333335,0.0,10949.266666666666,0.0,0.6666666666666666,0.0,,0.0,0.0
UC4_P30,run-20251202-030739_uc4_p30_m2000_r10_s256_RELAY,0.0,0.0,0.0,0.0,0.0,0.0,0.0,,,,,,,,,,,,1.0,,,,,4.333333333333333,4.1,0.0,9951.633333333333,0.0,0.7,0.0,,0.0,0.0
UC4_P30,run-20251202-030824_uc4_p30_m2000_r10_s256_RELAY,0.0,0.0,0.0,0.0,0.0,0.0,0.0,,,,,,,,,,,,1.0,,,,,2.3666666666666667,2.2,0.0,12226.466666666667,0.0,0.6333333333333333,0.0,,0.0,0.0
UC4_P30,run-20251202-030909_uc4_p30_m2000_r10_s256_RELAY,0.0,0.0,0.0,0.0,0.0,0.0,0.0,,,,,,,,,,,,1.0,,,,,6.166666666666667,5.9,0.0,4392.633333333333,0.0,0.9,0.0,,0.0,0.0
UC4_P30,run-20251202-030955_uc4_p30_m2000_r10_s256_RELAY,0.0,0.0,0.0,0.0,0.0,0.0,0.0,,,,,,,,,,,,1.0,,,,,4.266666666666667,3.9,0.0,9287.633333333333,0.0,0.7333333333333333,0.0,,0.0,0.0
UC4_P30,run-20251202-031040_uc4_p30_m2000_r10_s256_RELAY,0.0,0.0,0.0,0.0,0.0,0.0,0.0,,,,,,,,,,,,1.0,,,,,3.3333333333333335,3.066666666666667,0.0,12796.466666666667,0.0,0.6,0.0,,0.0,0.0
UC4_P30,run-20251202-031126_uc4_p30_m2000_r10_s256_RELAY,0.0,0.0,0.0,0.0,0.0,0.0,0.0,,,,,,,,,,,,1.0,,,,,3.3333333333333335,3.1,0.0,11911.466666666667,0.0,0.6333333333333333,0.0,,0.0,0.0
UC4_P30,run-20251202-032408_uc4_p30_m2000_r10_s256_RELAY,0.8955166666666667,0.0,1791.0333333333333,1791.0333333333333,1800.0,0.0,274.3,74.51851851851852,360.0740740740741,670.8148148148148,1134.2592592592594,2200.222222222222,0.9259259259259259,1.6296296296296295,3.2222222222222223,5.296296296296297,7.481481481481482,207334.75,1.0,12898.846153846154,5992.807692307692,31280.653846153848,35765.346153846156,5.866666666666666,5.233333333333333,3.8666666666666667,6002.6,1.0,0.9,0.9,207.33475,0.9950185185185185,4.296296296296297
UC4_P30,run-20251202-032813_uc4_p30_m2000_r10_s256_RELAY,0.9979833333333333,0.0,1995.9666666666667,1995.9666666666667,2000.0,0.0,313.1333333333333,72.16666666666667,369.4,650.2666666666667,1175.9666666666667,1855.7333333333333,0.8,2.0,4.133333333333334,6.133333333333334,8.4,,1.0,2934.866666666667,492.06666666666666,8233.0,15319.133333333333,9.5,8.566666666666666,6.033333333333333,2744.5666666666666,1.0,1.0,1.0,,0.9979833333333333,6.033333333333333
UC4_P30,run-20251202-033217_uc4_p30_m2000_r10_s256_RELAY,0.9942666666666666,0.0,1988.5333333333333,1988.5333333333333,2000.0,0.0,292.6333333333333,71.73333333333333,317.3333333333333,602.8,1403.0666666666666,6319.366666666667,0.8,1.6666666666666667,3.3333333333333335,5.466666666666667,8.166666666666666,208283.0,1.0,3045.6071428571427,1190.3214285714287,7636.5,12655.785714285714,8.466666666666667,7.7,5.233333333333333,3195.3333333333335,1.0,1.0,1.0,208.283,0.9942666666666666,5.233333333333333
UC4_P30,run-20251202-033619_uc4_p30_m2000_r10_s256_RELAY,0.8318166666666666,0.0,1663.6333333333334,1663.6333333333334,1666.6666666666667,0.0,246.46666666666667,74.28,376.6,719.76,1374.84,2299.36,1.28,2.2,3.72,5.56,7.28,210233.0,1.0,3432.6,1361.84,8850.76,11764.96,6.0,5.233333333333333,3.4,7028.666666666667,1.0,0.8333333333333334,0.8333333333333334,210.233,0.99818,4.08
UC4_P30,run-20251202-034024_uc4_p30_m2000_r10_s256_RELAY,0.8640333333333333,0.0,1728.0666666666666,1728.0666666666666,1733.3333333333333,0.0,287.5,72.76923076923077,352.34615384615387,647.1153846153846,1327.3076923076924,2731.8076923076924,0.9230769230769231,2.0,3.6538461538461537,5.6923076923076925,7.615384615384615,209221.16666666666,1.0,2583.076923076923,716.5384615384615,5522.384615384615,13277.923076923076,7.133333333333334,6.366666666666666,4.4,6570.5,1.0,0.8666666666666667,0.8666666666666667,209.22116666666665,0.9969615384615385,5.076923076923077
UC4_P30,run-20251202-034429_uc4_p30_m2000_r10_s256_RELAY,0.8627833333333333,0.0,1725.5666666666666,1725.5666666666666,1733.3333333333333,0.0,258.3,61.88461538461539,378.96153846153845,687.2692307692307,1348.5384615384614,2588.6923076923076,0.7307692307692307,2.1153846153846154,3.9615384615384617,5.884615384615385,8.038461538461538,208944.75,1.0,7442.24,5791.8,9862.12,18775.08,7.0,6.4,4.633333333333334,6856.066666666667,1.0,0.8666666666666667,0.8666666666666667,208.94475,0.9955192307692309,5.346153846153846
UC4_P30,run-20251202-034831_uc4_p30_m2000_r10_s256_RELAY,0.0,0.0,0.0,0.0,0.0,0.0,0.0,,,,,,,,,,,,,,,,,0.0,0.0,0.0,30949.233333333334,0.0,0.0,0.0,,,
UC4_P30,run-20251202-034923_uc4_p30_m2000_r10_s256_RELAY,0.0,0.0,0.0,0.0,0.0,0.0,0.0,,,,,,,,,,,,1.0,,,,,4.6,4.166666666666667,0.0,13673.166666666666,0.0,0.7333333333333333,0.0,,0.0,0.0
UC4_P30,run-20251202-035016_uc4_p30_m2000_r10_s256_RELAY,0.0,0.0,0.0,0.0,0.0,0.0,0.0,,,,,,,,,,,,1.0,,,,,2.1333333333333333,1.8,0.0,16916.9,0.0,0.5666666666666667,0.0,,0.0,0.0
UC4_P30,run-20251202-035109_uc4_p30_m2000_r10_s256_RELAY,0.0,0.0,0.0,0.0,0.0,0.0,0.0,,,,,,,,,,,,1.0,,,,,4.633333333333334,4.266666666666667,0.0,14767.566666666668,0.0,0.7,0.0,,0.0,0.0
UC4_P40,run-20251201-215637_uc4_p40_m2000_r10_s256_RELAY,0.8960375,0.0,1792.075,1792.075,1800.0,0.0,282.45,79.47222222222223,422.1111111111111,739.2777777777778,1167.388888888889,1848.1944444444443,0.8888888888888888,2.6666666666666665,4.611111111111111,6.833333333333333,9.305555555555555,202225.0,1.0,2896.6285714285714,522.3142857142857,8247.771428571428,16396.885714285716,9.05,8.725,5.625,4442.525,1.0,0.9,0.9,202.225,0.9955972222222224,6.25
UC4_P40,run-20251201-220030_uc4_p40_m2000_r10_s256_RELAY,0.7712375,0.0,1542.475,1542.475,1550.0,0.0,232.95,67.45161290322581,318.2258064516129,590.3225806451613,1665.1290322580646,4517.741935483871,0.6451612903225806,1.7096774193548387,3.5806451612903225,5.516129032258065,8.064516129032258,202778.0,1.0,1992.8709677419354,945.483870967742,3414.3548387096776,11289.064516129032,7.1,6.675,4.375,8162.425,1.0,0.775,0.775,202.778,0.9951451612903227,5.645161290322581
UC4_P40,run-20251201-220422_uc4_p40_m2000_r10_s256_RELAY,0.7736000000000001,0.0,1547.2,1547.2,1550.0,0.0,231.95,85.7741935483871,382.83870967741933,675.9354838709677,1141.1935483870968,4696.0,1.1290322580645162,2.4838709677419355,4.258064516129032,6.290322580645161,8.741935483870968,202511.16666666666,1.0,5275.892857142857,858.8571428571429,12647.607142857143,27721.071428571428,7.025,6.65,4.4,8277.65,1.0,0.775,0.775,202.51116666666667,0.9981935483870968,5.67741935483871
UC4_P40,run-20251201-220815_uc4_p40_m2000_r10_s256_RELAY,0.8964874999999999,0.0,1792.975,1792.975,1800.0,0.0,283.15,71.19444444444444,313.3888888888889,564.5555555555555,985.3333333333334,1703.638888888889,0.7222222222222222,1.7222222222222223,3.6666666666666665,5.527777777777778,8.055555555555555,202493.5,1.0,2403.25,837.1111111111111,4228.777777777777,12645.75,8.725,8.375,5.95,4913.25,1.0,0.9,0.9,202.4935,0.9960972222222222,6.611111111111111
UC4_P40,run-20251201-221207_uc4_p40_m2000_r10_s256_RELAY,0.0,0.0,0.0,0.0,0.0,0.0,0.0,,,,,,,,,,,,1.0,,,,,4.225,4.025,0.0,9097.725,0.0,0.725,0.0,,0.0,0.0
UC4_P40,run-20251201-221255_uc4_p40_m2000_r10_s256_RELAY,0.0,0.0,0.0,0.0,0.0,0.0,0.0,,,,,,,,,,,,1.0,,,,,5.025,4.75,0.0,10072.125,0.0,0.7,0.0,,0.0,0.0
UC4_P40,run-20251201-221342_uc4_p40_m2000_r10_s256_RELAY,0.0,0.0,0.0,0.0,0.0,0.0,0.0,,,,,,,,,,,,1.0,,,,,5.675,5.3,0.0,5676.475,0.0,0.85,0.0,,0.0,0.0
UC4_P40,run-20251201-221429_uc4_p40_m2000_r10_s256_RELAY,0.0,0.0,0.0,0.0,0.0,0.0,0.0,,,,,,,,,,,,1.0,,,,,4.5,4.25,0.0,8978.5,0.0,0.75,0.0,,0.0,0.0
UC4_P40,run-20251201-221517_uc4_p40_m2000_r10_s256_RELAY,0.0,0.0,0.0,0.0,0.0,0.0,0.0,,,,,,,,,,,,1.0,,,,,3.775,3.625,0.0,9338.125,0.0,0.725,0.0,,0.0,0.0
UC4_P40,run-20251201-221604_uc4_p40_m2000_r10_s256_RELAY,0.0,0.0,0.0,0.0,0.0,0.0,0.0,,,,,,,,,,,,1.0,,,,,3.625,3.475,0.0,14247.1,0.0,0.55,0.0,,0.0,0.0
UC4_P40,run-20251202-025145_uc4_p40_m2000_r10_s256_RELAY,0.848725,0.0,1697.45,1697.45,1700.0,0.0,284.95,70.20588235294117,394.8235294117647,676.2352941176471,1056.5588235294117,1943.235294117647,0.6764705882352942,2.176470588235294,4.088235294117647,6.176470588235294,9.647058823529411,,1.0,4439.823529411765,870.7941176470588,10465.79411764706,23445.647058823528,9.025,8.675,5.55,5766.4,1.0,0.85,0.85,,0.9984999999999999,6.529411764705882
UC4_P40,run-20251202-025537_uc4_p40_m2000_r10_s256_RELAY,0.8235125,0.0,1647.025,1647.025,1650.0,0.0,271.55,83.51515151515152,417.1212121212121,732.7878787878788,1460.4242424242425,6706.151515151515,1.1818181818181819,2.212121212121212,4.121212121212121,6.454545454545454,9.545454545454545,202924.5357142857,1.0,3949.40625,2771.28125,4268.8125,11582.15625,7.9,7.325,4.65,6861.05,1.0,0.825,0.825,202.9245357142857,0.9981969696969697,5.636363636363637
UC4_P40,run-20251202-032808_uc4_p40_m2000_r10_s256_RELAY,0.84755,0.0,1695.1,1695.1,1700.0,0.0,265.675,66.32352941176471,317.2352941176471,573.5,995.8529411764706,1977.4705882352941,0.8235294117647058,1.7352941176470589,3.676470588235294,5.735294117647059,8.617647058823529,,1.0,4490.515151515152,1155.0,9324.69696969697,23795.81818181818,8.55,8.225,5.5,6007.275,1.0,0.85,0.85,,0.9971176470588236,6.470588235294118
UC4_P40,run-20251202-033212_uc4_p40_m2000_r10_s256_RELAY,0.848175,0.0,1696.35,1696.35,1700.0,0.0,289.475,70.5,355.9117647058824,640.7647058823529,1072.2941176470588,1984.264705882353,0.7941176470588235,1.8529411764705883,4.0588235294117645,6.0588235294117645,8.235294117647058,202804.81818181818,1.0,4465.14705882353,2242.5,10238.85294117647,17050.647058823528,7.125,6.85,4.6,6006.5,1.0,0.85,0.85,202.80481818181818,0.9978529411764706,5.411764705882353
UC4_P40,run-20251202-033605_uc4_p40_m2000_r10_s256_RELAY,0.7494125,0.0,1498.825,1498.825,1500.0,0.0,234.1,67.46666666666667,321.6666666666667,586.3666666666667,1068.7,2318.6,0.7333333333333333,1.7333333333333334,3.533333333333333,5.766666666666667,8.7,202487.2142857143,1.0,4421.966666666666,1866.7666666666667,7685.633333333333,24191.0,6.925,6.725,4.675,8553.15,1.0,0.75,0.75,202.4872142857143,0.9992166666666668,6.233333333333333
UC4_P40,run-20251202-033957_uc4_p40_m2000_r10_s256_RELAY,0.8715625000000001,0.0,1743.125,1743.125,1750.0,0.0,269.925,67.8,313.0285714285714,594.8857142857142,1167.1142857142856,2475.542857142857,0.7714285714285715,1.542857142857143,3.5428571428571427,5.771428571428571,8.542857142857143,202296.25,1.0,4781.0,1026.1764705882354,14489.176470588236,23692.08823529412,8.35,7.925,4.825,4903.15,1.0,0.875,0.875,202.29625,0.9960714285714287,5.514285714285714
UC4_P40,run-20251202-034349_uc4_p40_m2000_r10_s256_RELAY,0.7715625,0.0,1543.125,1543.125,1550.0,0.0,239.15,62.774193548387096,334.38709677419354,617.7096774193549,973.258064516129,1664.5483870967741,0.8064516129032258,1.7741935483870968,3.838709677419355,5.870967741935484,8.0,202504.72,1.0,2949.1724137931033,2159.862068965517,5505.896551724138,10030.51724137931,6.45,6.3,4.1,8525.3,1.0,0.775,0.775,202.50472,0.9955645161290323,5.290322580645161
UC4_P40,run-20251202-034741_uc4_p40_m2000_r10_s256_RELAY,0.0,0.0,0.0,0.0,0.0,0.0,0.0,,,,,,,,,,,,1.0,,,,,5.25,4.9,0.0,6078.6,0.0,0.85,0.0,,0.0,0.0
UC4_P40,run-20251202-034828_uc4_p40_m2000_r10_s256_RELAY,0.0,0.0,0.0,0.0,0.0,0.0,0.0,,,,,,,,,,,,1.0,,,,,4.95,4.7,0.0,9432.35,0.0,0.725,0.0,,0.0,0.0
UC4_P40,run-20251202-034916_uc4_p40_m2000_r10_s256_RELAY,0.0,0.0,0.0,0.0,0.0,0.0,0.0,,,,,,,,,,,,1.0,,,,,3.725,3.475,0.0,10281.25,0.0,0.7,0.0,,0.0,0.0
UC4_P40,run-20251202-035003_uc4_p40_m2000_r10_s256_RELAY,0.0,0.0,0.0,0.0,0.0,0.0,0.0,,,,,,,,,,,,1.0,,,,,4.625,4.4,0.0,9390.05,0.0,0.725,0.0,,0.0,0.0
UC4_P40,run-20251202-035050_uc4_p40_m2000_r10_s256_RELAY,0.0,0.0,0.0,0.0,0.0,0.0,0.0,,,,,,,,,,,,1.0,,,,,4.55,4.375,0.0,9156.175,0.0,0.725,0.0,,0.0,0.0
UC4_P50,run-20251201-221723_uc4_p50_m2000_r10_s256_RELAY,0.0,0.0,0.0,0.0,0.0,0.0,0.0,,,,,,,,,,,,1.0,,,,,5.04,4.82,0.0,11651.1,0.0,0.64,0.0,,0.0,0.0
UC4_P50,run-20251201-221813_uc4_p50_m2000_r10_s256_RELAY,0.0,0.0,0.0,0.0,0.0,0.0,0.0,,,,,,,,,,,,1.0,,,,,5.4,5.06,0.0,8729.46,0.0,0.74,0.0,,0.0,0.0
UC4_P50,run-20251201-221902_uc4_p50_m2000_r10_s256_RELAY,0.0,0.0,0.0,0.0,0.0,0.0,0.0,,,,,,,,,,,,1.0,,,,,4.18,3.92,0.0,11127.6,0.0,0.66,0.0,,0.0,0.0
UC4_P50,run-20251201-221952_uc4_p50_m2000_r10_s256_RELAY,0.0,0.0,0.0,0.0,0.0,0.0,0.0,,,,,,,,,,,,1.0,,,,,4.84,4.7,0.0,11665.74,0.0,0.64,0.0,,0.0,0.0
UC4_P50,run-20251201-222041_uc4_p50_m2000_r10_s256_RELAY,0.0,0.0,0.0,0.0,0.0,0.0,0.0,,,,,,,,,,,,1.0,,,,,3.88,3.66,0.0,11873.06,0.0,0.64,0.0,,0.0,0.0
UC4_P50,run-20251201-222130_uc4_p50_m2000_r10_s256_RELAY,0.0,0.0,0.0,0.0,0.0,0.0,0.0,,,,,,,,,,,,1.0,,,,,4.56,4.32,0.0,10597.62,0.0,0.7,0.0,,0.0,0.0
UC4_P50,run-20251201-222219_uc4_p50_m2000_r10_s256_RELAY,0.0,0.0,0.0,0.0,0.0,0.0,0.0,,,,,,,,,,,,1.0,,,,,4.66,4.4,0.0,11561.2,0.0,0.66,0.0,,0.0,0.0
UC4_P50,run-20251201-222309_uc4_p50_m2000_r10_s256_RELAY,0.0,0.0,0.0,0.0,0.0,0.0,0.0,,,,,,,,,,,,1.0,,,,,3.64,3.46,0.0,13067.92,0.0,0.6,0.0,,0.0,0.0
UC4_P50,run-20251201-222358_uc4_p50_m2000_r10_s256_RELAY,0.0,0.0,0.0,0.0,0.0,0.0,0.0,,,,,,,,,,,,1.0,,,,,5.62,5.32,0.0,7516.64,0.0,0.8,0.0,,0.0,0.0
UC4_P50,run-20251202-021113_uc4_p50_m2000_r10_s256_RELAY,0.77893,0.0,1557.86,1557.86,1560.0,0.0,237.64,85.6923076923077,429.1025641025641,758.2820512820513,1332.948717948718,1997.5128205128206,1.1025641025641026,2.282051282051282,4.358974358974359,7.0,10.102564102564102,202618.64516129033,1.0,2697.6315789473683,924.6315789473684,6054.263157894737,13568.842105263158,7.88,7.54,4.86,7802.06,1.0,0.78,0.78,202.61864516129035,0.9986282051282052,6.230769230769231
UC4_P50,run-20251202-021507_uc4_p50_m2000_r10_s256_RELAY,0.8572700000000001,0.0,1714.54,1714.54,1720.0,0.0,269.1,77.5813953488372,410.83720930232556,699.1860465116279,1121.2093023255813,1923.7906976744187,0.8372093023255814,2.13953488372093,4.325581395348837,6.558139534883721,9.627906976744185,202774.90625,1.0,5556.666666666667,3451.309523809524,9284.166666666666,18674.095238095237,8.92,8.72,5.78,6000.58,1.0,0.86,0.86,202.77490625,0.9968255813953489,6.72093023255814
UC4_P50,run-20251202-021902_uc4_p50_m2000_r10_s256_RELAY,0.7988299999999999,0.0,1597.66,1597.66,1600.0,0.0,239.64,67.6,304.175,565.575,943.8,1887.1,0.975,2.05,3.7,5.7,8.4,202603.77142857143,1.0,3107.75,1044.225,6957.675,15629.075,7.88,7.58,5.18,7084.18,1.0,0.8,0.8,202.60377142857143,0.9985375,6.475
UC4_P50,run-20251202-022257_uc4_p50_m2000_r10_s256_RELAY,0.7985099999999999,0.0,1597.02,1597.02,1600.0,0.0,252.12,78.775,377.35,657.8,1263.8,2887.25,0.95,2.475,4.325,6.375,9.05,202689.875,1.0,3288.4358974358975,709.4358974358975,9875.51282051282,17262.48717948718,8.2,7.82,5.22,7255.56,1.0,0.8,0.8,202.689875,0.9981375,6.525
UC4_P50,run-20251202-022651_uc4_p50_m2000_r10_s256_RELAY,0.77957,0.0,1559.14,1559.14,1560.0,0.0,239.48,67.2051282051282,324.12820512820514,597.974358974359,1203.4615384615386,3272.3846153846152,0.7435897435897436,2.0256410256410255,3.923076923076923,6.256410256410256,8.846153846153847,202556.63636363635,1.0,2194.2051282051284,566.974358974359,6897.897435897436,11417.692307692309,8.98,8.64,5.54,7544.52,1.0,0.78,0.78,202.55663636363636,0.9994487179487178,7.102564102564102
UC4_P50,run-20251202-023045_uc4_p50_m2000_r10_s256_RELAY,0.87926,0.0,1758.52,1758.52,1760.0,0.0,291.62,76.4090909090909,383.59090909090907,647.9772727272727,1278.0454545454545,2877.7272727272725,0.9545454545454546,2.159090909090909,4.318181818181818,6.681818181818182,10.0,202490.85714285713,1.0,3473.186046511628,697.5581395348837,7364.325581395349,20910.418604651164,10.4,10.08,6.66,4828.88,1.0,0.88,0.88,202.49085714285712,0.9991590909090909,7.568181818181818
UC4_P50,run-20251202-023440_uc4_p50_m2000_r10_s256_RELAY,0.87907,0.0,1758.14,1758.14,1760.0,0.0,297.56,74.5909090909091,446.52272727272725,760.2727272727273,1236.5681818181818,2241.2954545454545,0.9318181818181818,2.272727272727273,4.613636363636363,6.9772727272727275,9.613636363636363,202714.15789473685,1.0,2801.6363636363635,989.9318181818181,8273.318181818182,10993.65909090909,9.2,8.7,5.26,4820.34,1.0,0.88,0.88,202.71415789473684,0.9989431818181818,5.9772727272727275
UC4_P50,run-20251202-023835_uc4_p50_m2000_r10_s256_RELAY,0.8382000000000001,0.0,1676.4,1676.4,1680.0,0.0,282.44,87.52380952380952,418.2857142857143,727.4761904761905,1116.2380952380952,1902.2619047619048,1.1666666666666667,2.261904761904762,4.214285714285714,6.476190476190476,9.071428571428571,202365.4,1.0,4801.875,1314.0,16544.475,21618.675,7.46,7.04,4.18,6109.98,1.0,0.84,0.84,202.3654,0.997857142857143,4.976190476190476
UC4_P50,run-20251202-024230_uc4_p50_m2000_r10_s256_RELAY,0.87673,0.0,1753.46,1753.46,1760.0,0.0,285.72,72.79545454545455,375.8863636363636,647.8863636363636,1059.25,22333.613636363636,0.8636363636363636,2.272727272727273,4.340909090909091,6.7727272727272725,11.045454545454545,202375.6,1.0,2089.6976744186045,740.3720930232558,3364.1627906976746,11891.279069767443,8.12,7.8,5.68,6575.42,1.0,0.88,0.88,202.37560000000002,0.996284090909091,6.454545454545454
UC4_P50,run-20251202-024625_uc4_p50_m2000_r10_s256_RELAY,0.81608,0.0,1632.16,1632.16,1640.0,0.0,253.32,70.41463414634147,322.5853658536585,580.609756097561,941.8048780487804,4665.414634146341,0.9024390243902439,2.073170731707317,3.7560975609756095,6.0,10.536585365853659,,1.0,3426.268292682927,3553.8048780487807,7110.390243902439,14275.658536585366,8.98,8.66,5.78,6921.26,1.0,0.82,0.82,,0.995219512195122,7.048780487804878
