uc,run,delivery_rate,duplicate_rate,received_unique,recv_total,total_expected,duplicates,out_of_order,lat_min,lat_p50,lat_p90,lat_p99,lat_max,ldh_min,ldh_p50,ldh_p90,ldh_p99,ldh_max,pr_avg_ratio,avg_connected_peers,downtime_total_ms,downtime_periods,downtime_p50_ms,downtime_p90_ms,downtime_max_ms,neighbour_down,neighbour_up,join_wait_ms,sender_joined,joined,saw_test,delivery_rate_joined_only
UC1_P10,run-20251203-203258_uc7_p10_m2000_r10_s256_DIRECT,0.9996500000000001,0.0,1999.3,1999.3,2000.0,0.0,0.0,0.0,1.0,1.0,1.6,1.7,0.5,0.6,0.6,0.6,0.7,1.0,4.341954542000954,0.2,0.1,2.0,2.0,2.0,3.9,7.7,466.3,1.0,1.0,1.0,0.9996500000000001
UC1_P10,run-20251203-203642_uc7_p10_m2000_r10_s256_DIRECT,0.99975,0.0,1999.5,1999.5,2000.0,0.0,0.0,0.0,1.0,1.0,1.7,2.5,0.6,0.6,0.7,0.7,0.8,1.0,4.014207361168958,0.5,0.2,2.5,2.5,2.5,3.8,7.5,3460.0,1.0,1.0,1.0,0.99975
UC1_P10,run-20251203-204019_uc7_p10_m2000_r10_s256_DIRECT,0.9996500000000001,0.0,1999.3,1999.3,2000.0,0.0,0.0,0.0,1.0,1.0,1.5,2.2,0.4,0.5,0.5,0.5,0.6,1.0,4.229041363533037,0.0,0.0,,,,3.5,7.1,4213.1,1.0,1.0,1.0,0.9996500000000001
UC1_P10,run-20251203-204356_uc7_p10_m2000_r10_s256_DIRECT,0.99975,0.0,1999.5,1999.5,2000.0,0.0,0.0,0.0,1.0,1.0,1.5,2.3,0.5,0.5,0.5,0.5,0.7,1.0,4.076608532926258,0.0,0.0,,,,4.0,7.6,5134.4,1.0,1.0,1.0,0.99975
UC1_P10,run-20251203-204735_uc7_p10_m2000_r10_s256_DIRECT,0.9997,0.0,1999.4,1999.4,2000.0,0.0,0.0,0.0,1.0,1.2,1.5,2.6,0.7,0.7,0.7,0.7,1.0,1.0,3.9998611134387105,0.0,0.0,,,,3.6,7.3,4453.7,1.0,1.0,1.0,0.9997
UC1_P10,run-20251203-205112_uc7_p10_m2000_r10_s256_DIRECT,0.99975,0.0,1999.5,1999.5,2000.0,0.0,0.0,0.0,1.0,1.1,1.6,2.6,0.5,0.7,0.7,0.7,0.8,1.0,4.499811479262891,0.0,0.0,,,,4.1,7.9,2069.4,1.0,1.0,1.0,0.99975
UC1_P10,run-20251203-205448_uc7_p10_m2000_r10_s256_DIRECT,0.99975,0.0,1999.5,1999.5,2000.0,0.0,0.0,0.0,1.0,1.1,1.5,3.0,0.4,0.6,0.6,0.6,0.8,1.0,4.147517120598559,0.0,0.0,,,,4.0,7.6,6134.5,1.0,1.0,1.0,0.99975
UC1_P10,run-20251203-205827_uc7_p10_m2000_r10_s256_DIRECT,0.9997,0.0,1999.4,1999.4,2000.0,0.0,0.0,0.0,1.0,1.1,1.6,2.0,0.6,0.7,0.7,0.7,1.4,1.0,4.270948628051852,0.0,0.0,,,,3.3,7.0,509.4,1.0,1.0,1.0,0.9997
UC1_P10,run-20251203-210201_uc7_p10_m2000_r10_s256_DIRECT,1.0,0.0,2000.0,2000.0,2000.0,0.0,0.0,0.0,1.2,1.7,2.0,79.0,1.7,2.4,2.4,2.4,2.5,1.0,4.5002899087385595,0.0,0.1,0.0,0.0,0.0,3.7,7.3,520.1,1.0,1.0,1.0,1.0
UC1_P10,run-20251203-210535_uc7_p10_m2000_r10_s256_DIRECT,0.9996500000000001,0.0,1999.3,1999.3,2000.0,0.0,0.0,0.0,1.0,1.0,1.5,1.7,0.4,0.5,0.5,0.5,0.7,1.0,3.9276376598322797,0.1,0.2,0.5,0.5,0.5,3.6,7.2,2855.7,1.0,1.0,1.0,0.9996500000000001
UC1_P50,run-20251203-232900_uc7_p50_m2000_r10_s256_DIRECT,0.0,0.0,0.0,0.0,0.0,0.0,0.0,,,,,,,,,,,1.0,0.0,0.0,0.0,,,,0.0,0.0,30015.82,0.0,0.0,0.0,
UC1_P50,run-20251203-232954_uc7_p50_m2000_r10_s256_DIRECT,0.9393699999999999,0.0,1878.74,1878.74,1880.0,0.0,0.0,0.48936170212765956,3.25531914893617,4.212765957446808,7.851063829787234,32.4468085106383,1.8085106382978724,3.3404255319148937,3.3404255319148937,4.382978723404255,5.638297872340425,1.0,3.9582578228738567,0.44,0.08,5.5,5.5,5.5,12.16,14.78,5551.22,1.0,0.94,0.94,0.9993297872340425
UC1_P50,run-20251203-233355_uc7_p50_m2000_r10_s256_DIRECT,0.9590100000000001,0.0,1918.02,1918.02,1920.0,0.0,0.04,0.14583333333333334,2.2708333333333335,3.6875,7.854166666666667,58.125,1.5416666666666667,2.1666666666666665,2.25,4.0,6.604166666666667,1.0,3.863009464004549,3.56,0.18,19.77777777777778,19.77777777777778,19.77777777777778,16.92,19.58,1620.1,1.0,0.96,0.96,0.9989687500000001
UC1_P50,run-20251203-233800_uc7_p50_m2000_r10_s256_DIRECT,0.9591000000000001,0.0,1918.2,1918.2,1920.0,0.0,0.08,0.3125,3.2291666666666665,4.395833333333333,8.375,89.02083333333333,1.7083333333333333,3.2916666666666665,3.2916666666666665,4.458333333333333,7.333333333333333,1.0,3.8165420811884023,2.6,0.12,21.666666666666668,21.666666666666668,21.666666666666668,16.58,19.38,6354.94,1.0,0.96,0.96,0.9990625000000001
UC1_P50,run-20251203-234205_uc7_p50_m2000_r10_s256_DIRECT,0.93953,0.0,1879.06,1879.06,1880.0,0.0,0.0,0.3829787234042553,3.106382978723404,4.127659574468085,7.531914893617022,24.085106382978722,1.9148936170212767,2.872340425531915,3.021276595744681,3.74468085106383,5.957446808510638,1.0,3.868669222436944,2.98,0.36,10.307692307692308,10.307692307692308,10.307692307692308,17.58,20.52,5643.48,1.0,0.96,0.94,0.9786770833333334
UC1_P50,run-20251203-234607_uc7_p50_m2000_r10_s256_DIRECT,0.89955,0.0,1799.1,1799.1,1800.0,0.0,0.0,0.4444444444444444,3.0,3.933333333333333,5.933333333333334,15.466666666666667,2.5555555555555554,3.111111111111111,3.2,3.2,3.2,1.0,3.7252959151330227,0.42,0.06,7.0,7.0,7.0,6.06,8.84,7208.46,1.0,0.92,0.9,0.9777717391304348
UC1_P50,run-20251203-235012_uc7_p50_m2000_r10_s256_DIRECT,0.9385300000000001,0.0,1877.06,1877.06,1880.0,0.0,0.0,0.2978723404255319,2.7872340425531914,4.212765957446808,8.340425531914894,64.46808510638297,1.4893617021276595,3.425531914893617,3.4468085106382977,4.9361702127659575,6.617021276595745,1.0,3.843815707224883,10.48,0.08,174.33333333333334,174.33333333333334,174.33333333333334,18.14,20.96,1692.5,1.0,0.96,0.94,0.9776354166666668
UC1_P50,run-20251203-235414_uc7_p50_m2000_r10_s256_DIRECT,0.9589,0.0,1917.8,1917.8,1920.0,0.0,0.0,0.5625,3.0833333333333335,4.520833333333333,8.604166666666666,48.0,1.8541666666666667,3.1041666666666665,3.1041666666666665,4.708333333333333,5.1875,1.0,3.847606531241366,1.7,0.14,12.142857142857142,12.142857142857142,12.142857142857142,16.24,19.46,3690.9,1.0,0.96,0.96,0.9988541666666667
UC1_P50,run-20251203-235813_uc7_p50_m2000_r10_s256_DIRECT,0.95961,0.0,1919.22,1919.22,1920.0,0.0,0.0,0.3541666666666667,2.5833333333333335,3.9791666666666665,8.479166666666666,38.166666666666664,1.875,2.7291666666666665,2.7916666666666665,3.7291666666666665,6.520833333333333,1.0,3.8519430552227703,0.16,0.04,4.0,4.0,4.0,17.12,19.94,1463.38,1.0,0.96,0.96,0.99959375
UC1_P50,run-20251204-000214_uc7_p50_m2000_r10_s256_DIRECT,0.93928,0.0,1878.56,1878.56,1880.0,0.0,0.02,0.2978723404255319,2.4468085106382977,3.9148936170212765,8.74468085106383,74.76595744680851,1.4893617021276595,2.74468085106383,2.765957446808511,4.1063829787234045,7.085106382978723,1.0,3.7560598006585852,4247.34,0.18,30337.714285714286,30337.714285714286,30337.714285714286,17.92,20.86,1604.64,1.0,0.96,0.94,0.9784166666666666
UC2_P10,run-20251203-203530_uc8_p10_m2000_r10_s256_RELAY,1.0,0.0,2000.0,2000.0,2000.0,0.0,0.0,0.5,2.5,3.4,4.4,7.8,1.5,1.5,1.5,1.5,1.6,1.0,3.5309269875003677,0.1,0.1,1.0,1.0,1.0,3.0,5.6,712.1,1.0,1.0,1.0,1.0
UC2_P10,run-20251203-204035_uc8_p10_m2000_r10_s256_RELAY,1.0,0.0,2000.0,2000.0,2000.0,0.0,0.0,0.4,2.5,3.7,4.7,8.7,0.9,1.4,1.5,1.5,2.0,1.0,3.4528624118187823,2.4,0.1,24.0,24.0,24.0,1.5,4.8,1023.5,1.0,1.0,1.0,1.0
UC2_P10,run-20251203-204445_uc8_p10_m2000_r10_s256_RELAY,1.0,0.0,2000.0,2000.0,2000.0,0.0,0.0,0.2,2.5,3.3,4.1,8.3,0.6,0.6,0.6,0.6,1.8,1.0,3.0759742566590287,2.4,0.1,24.0,24.0,24.0,2.6,4.5,1837.9,1.0,1.0,1.0,1.0
UC2_P10,run-20251203-204855_uc8_p10_m2000_r10_s256_RELAY,1.0,0.0,2000.0,2000.0,2000.0,0.0,0.0,0.4,2.7,3.4,4.4,9.3,1.3,1.3,1.4,1.4,1.6,1.0,3.1981679072250855,2.2,0.4,5.5,5.5,5.5,2.7,5.1,462.3,1.0,1.0,1.0,1.0
UC2_P10,run-20251203-205306_uc8_p10_m2000_r10_s256_RELAY,1.0,0.0,2000.0,2000.0,2000.0,0.0,0.0,0.8,3.1,3.7,4.6,8.7,1.8,1.8,1.8,1.8,2.3,1.0,3.776731939242995,0.0,0.0,,,,2.2,5.0,143.2,1.0,1.0,1.0,1.0
UC2_P10,run-20251203-205717_uc8_p10_m2000_r10_s256_RELAY,1.0,0.0,2000.0,2000.0,2000.0,0.0,0.0,0.4,2.6,3.7,4.8,9.6,1.1,1.1,1.7,1.7,2.0,1.0,3.459882453162815,0.0,0.0,,,,3.0,5.6,449.9,1.0,1.0,1.0,1.0
UC2_P10,run-20251203-210127_uc8_p10_m2000_r10_s256_RELAY,1.0,0.0,2000.0,2000.0,2000.0,0.0,0.0,0.3,2.5,3.5,4.5,9.1,0.9,1.1,1.3,1.3,1.5,1.0,3.1146872607023335,2.0,0.2,10.0,10.0,10.0,1.9,4.6,469.3,1.0,1.0,1.0,1.0
UC2_P10,run-20251203-210537_uc8_p10_m2000_r10_s256_RELAY,1.0,0.0,2000.0,2000.0,2000.0,0.0,0.0,0.2,2.4,3.2,3.9,5.9,0.8,0.8,0.9,0.9,1.7,1.0,3.46483390065467,2.3,0.2,11.5,11.5,11.5,3.6,6.1,201.5,1.0,1.0,1.0,1.0
UC2_P10,run-20251203-210949_uc8_p10_m2000_r10_s256_RELAY,1.0,0.0,2000.0,2000.0,2000.0,0.0,0.0,0.0,2.6,3.6,4.6,10.6,0.5,1.5,1.6,1.6,1.6,1.0,3.192517380594102,2.0,0.3,6.666666666666667,6.666666666666667,6.666666666666667,1.9,5.0,3435.5,1.0,1.0,1.0,1.0
UC2_P10,run-20251203-211408_uc8_p10_m2000_r10_s256_RELAY,1.0,0.0,2000.0,2000.0,2000.0,0.0,0.0,0.3,2.2,3.3,4.1,7.2,1.1,1.1,1.3,1.3,1.3,1.0,3.6511090012561267,2.8,0.3,9.333333333333334,9.333333333333334,9.333333333333334,2.4,5.1,173.8,1.0,1.0,1.0,1.0
UC2_P50,run-20251204-000810_uc8_p50_m2000_r10_s256_RELAY,0.99886,0.0,1997.72,1997.72,2000.0,0.0,1.5,1.22,4.32,8.0,18.1,87.12,2.08,3.42,3.66,3.66,4.28,1.0,3.171413622213541,2.2,0.16,20.8,20.8,20.8,16.74,19.04,1065.72,1.0,1.0,1.0,0.99886
UC2_P50,run-20251204-001221_uc8_p50_m2000_r10_s256_RELAY,1.0,0.0,2000.0,2000.0,2000.0,0.0,0.0,0.3,2.54,4.1,7.08,26.38,2.08,2.62,2.74,2.74,5.78,1.0,3.221317862924696,4484.92,0.26,24912.666666666668,24912.666666666668,24912.666666666668,15.4,18.04,1205.6,1.0,1.0,1.0,1.0
UC2_P50,run-20251204-001632_uc8_p50_m2000_r10_s256_RELAY,0.97887,0.0,1957.74,1957.74,1960.0,0.0,0.06,0.42857142857142855,2.7755102040816326,5.224489795918367,10.510204081632653,62.59183673469388,2.816326530612245,3.020408163265306,3.020408163265306,3.7755102040816326,5.142857142857143,1.0,2.8409049365843457,5025.46,0.32,1169.6363636363637,22654.545454545456,22654.545454545456,16.08,18.38,1620.66,1.0,1.0,0.98,0.97887
UC2_P50,run-20251204-002048_uc8_p50_m2000_r10_s256_RELAY,1.0,0.0,2000.0,2000.0,2000.0,0.0,0.0,0.4,2.26,3.88,7.52,45.14,2.36,2.68,2.68,2.68,3.94,1.0,3.0312431122527452,0.94,0.08,11.75,11.75,11.75,15.14,17.76,1596.76,1.0,1.0,1.0,1.0
UC2_P50,run-20251204-002502_uc8_p50_m2000_r10_s256_RELAY,0.96098,0.0,1921.96,1921.96,1960.0,0.0,5.32,0.20408163265306123,2.204081632653061,236.3877551020408,526.4285714285714,658.3061224489796,1.6326530612244898,3.510204081632653,4.673469387755102,5.979591836734694,6.6938775510204085,1.0,2.951803464709913,326.12,0.42,1326.8333333333333,1341.6666666666667,1341.6666666666667,21.42,23.46,233.56,1.0,1.0,0.98,0.96098
UC2_P50,run-20251204-002913_uc8_p50_m2000_r10_s256_RELAY,0.99934,0.0,1998.68,1998.68,2000.0,0.0,6.68,0.86,4.44,198.78,384.42,475.36,1.66,2.58,2.76,3.72,4.64,1.0,3.0149795958397094,4289.4,0.48,130.6,14295.933333333332,14295.933333333332,19.06,21.5,1157.2,1.0,1.0,1.0,0.99934
UC2_P50,run-20251204-003334_uc8_p50_m2000_r10_s256_RELAY,0.98,0.0,1960.0,1960.0,1960.0,0.0,0.0,0.2653061224489796,2.5714285714285716,3.877551020408163,6.653061224489796,47.673469387755105,2.0408163265306123,2.4489795918367347,2.4489795918367347,2.4489795918367347,3.7142857142857144,1.0,3.2819235076909967,0.7,0.16,4.375,4.375,4.375,13.9,16.4,1710.6,1.0,0.98,0.98,1.0
UC2_P50,run-20251204-003749_uc8_p50_m2000_r10_s256_RELAY,0.98,0.0,1960.0,1960.0,1960.0,0.0,0.0,0.22448979591836735,1.7551020408163265,3.7551020408163267,6.3061224489795915,48.326530612244895,2.0408163265306123,2.306122448979592,2.306122448979592,2.306122448979592,3.9591836734693877,1.0,3.075586297779858,4.04,0.3,17.818181818181817,17.818181818181817,17.818181818181817,15.84,17.92,1845.2,1.0,0.98,0.98,1.0
UC2_P50,run-20251204-004202_uc8_p50_m2000_r10_s256_RELAY,0.99884,0.0,1997.68,1997.68,2000.0,0.0,0.36,1.24,3.46,5.9,14.14,87.96,2.0,4.08,4.16,4.26,5.8,1.0,2.956760207801901,4442.32,0.34,17081.384615384617,17083.46153846154,17083.46153846154,16.0,18.34,1307.22,1.0,1.0,1.0,0.99884
UC2_P50,run-20251204-004611_uc8_p50_m2000_r10_s256_RELAY,1.0,0.0,2000.0,2000.0,2000.0,0.0,0.0,0.38,1.86,3.94,7.04,61.64,2.12,3.16,3.24,3.24,3.48,1.0,3.142693927941997,8.66,0.36,29.0,29.0,29.0,16.5,19.04,834.42,1.0,1.0,1.0,1.0
UC3_P10,run-20251203-232813_uc9_p10_m2000_r10_s256_DIRECT,0.88555,0.0,1771.1,1771.1,1800.0,0.0,151.8,31.22222222222222,116.77777777777777,314.77777777777777,515.1111111111111,719.4444444444445,0.3333333333333333,0.7777777777777778,1.3333333333333333,2.2222222222222223,3.0,1.0,3.314758667159788,504.6,0.4,1482.6666666666667,1482.6666666666667,1482.6666666666667,2.1,5.2,6393.6,1.0,0.9,0.9,0.9839444444444444
UC3_P10,run-20251203-233157_uc9_p10_m2000_r10_s256_DIRECT,0.7929,0.0,1585.8,1585.8,1600.0,0.0,162.9,32.75,169.875,370.5,584.375,894.625,0.0,0.875,2.125,3.375,4.5,1.0,3.842725703347148,70.4,0.1,704.0,704.0,704.0,3.6,6.4,7726.0,1.0,0.8,0.8,0.991125
UC3_P10,run-20251203-233540_uc9_p10_m2000_r10_s256_DIRECT,0.9925,0.0,1985.0,1985.0,2000.0,0.0,159.8,31.0,99.7,277.1,453.4,844.7,0.3,0.6,1.4,2.3,3.4,1.0,3.9131917462698205,235.6,0.2,1178.0,1178.0,1178.0,3.8,7.4,1984.3,1.0,1.0,1.0,0.9925
UC3_P10,run-20251203-233923_uc9_p10_m2000_r10_s256_DIRECT,0.9898,0.0,1979.6,1979.6,2000.0,0.0,207.2,41.4,157.7,347.7,543.4,806.5,0.2,0.7,1.9,3.2,4.6,1.0,3.5487244702684224,100.5,0.2,502.5,502.5,502.5,2.3,5.9,2546.6,1.0,1.0,1.0,0.9898
UC3_P10,run-20251203-234306_uc9_p10_m2000_r10_s256_DIRECT,0.99215,0.0,1984.3,1984.3,2000.0,0.0,170.3,32.8,132.9,334.7,543.4,2576.7,0.4,0.7,1.5,2.6,3.7,1.0,3.814307774706274,171.5,0.2,857.5,857.5,857.5,3.5,7.2,2142.9,1.0,1.0,1.0,0.99215
UC3_P10,run-20251203-234649_uc9_p10_m2000_r10_s256_DIRECT,0.8854,0.0,1770.8,1770.8,1800.0,0.0,122.0,32.77777777777778,113.66666666666667,311.8888888888889,546.4444444444445,931.3333333333334,0.4444444444444444,0.5555555555555556,1.1111111111111112,2.2222222222222223,3.2222222222222223,1.0,3.5490456065224163,40.8,0.1,408.0,408.0,408.0,1.7,4.7,6494.7,1.0,0.9,0.9,0.9837777777777776
UC3_P10,run-20251203-235032_uc9_p10_m2000_r10_s256_DIRECT,0.9894000000000001,0.0,1978.8,1978.8,2000.0,0.0,215.7,44.4,161.3,353.0,554.4,767.5,0.3,0.7,2.0,3.2,4.4,1.0,3.575394044694619,48.0,0.2,240.0,240.0,240.0,3.3,6.4,2696.4,1.0,1.0,1.0,0.9894000000000001
UC3_P10,run-20251203-235415_uc9_p10_m2000_r10_s256_DIRECT,0.9891,0.0,1978.2,1978.2,2000.0,0.0,197.9,36.3,181.5,443.7,1153.0,2050.2,0.3,0.8,1.9,3.1,4.4,1.0,3.6266009666844012,115.8,0.1,1158.0,1158.0,1158.0,2.3,5.5,2700.8,1.0,1.0,1.0,0.9891
UC3_P10,run-20251203-235759_uc9_p10_m2000_r10_s256_DIRECT,0.8897,0.0,1779.4,1779.4,1800.0,0.0,164.1,32.55555555555556,142.66666666666666,330.3333333333333,527.3333333333334,815.7777777777778,0.2222222222222222,0.5555555555555556,1.7777777777777777,2.888888888888889,4.111111111111111,1.0,3.351701881693737,198.2,0.2,991.0,991.0,991.0,1.2,4.4,5517.2,1.0,0.9,0.9,0.9885555555555556
UC3_P10,run-20251204-000143_uc9_p10_m2000_r10_s256_DIRECT,0.9925499999999999,0.0,1985.1,1985.1,2000.0,0.0,247.5,39.3,191.8,399.4,613.1,1050.5,0.2,0.8,2.1,3.4,4.7,1.0,3.9064001416095437,115.4,0.3,384.6666666666667,384.6666666666667,384.6666666666667,2.8,6.8,1899.8,1.0,1.0,1.0,0.9925499999999999
UC3_P50,run-20251204-103411_uc9_p50_m2000_r10_s256_DIRECT,0.9930800000000001,0.0,1986.16,1986.16,2000.0,0.0,311.32,62.9,275.2,473.94,745.46,4545.46,0.56,1.56,3.48,5.3,10.88,1.0,3.6274492221671135,124.18,0.26,511.54545454545456,511.54545454545456,511.54545454545456,18.9,21.66,1702.44,1.0,1.0,1.0,0.9930800000000001
UC3_P50,run-20251204-103810_uc9_p50_m2000_r10_s256_DIRECT,0.99524,0.0,1990.48,1990.48,2000.0,0.0,312.86,61.6,281.46,484.84,852.0,7527.0,0.52,1.62,3.64,5.66,10.26,1.0,3.6843655749074675,1921.16,0.22,8732.545454545454,8732.545454545454,8732.545454545454,19.5,22.24,1331.42,1.0,1.0,1.0,0.99524
UC3_P50,run-20251204-104210_uc9_p50_m2000_r10_s256_DIRECT,0.99702,0.0,1994.04,1994.04,2000.0,0.0,329.42,63.8,295.6,515.76,913.54,3182.58,0.58,1.6,3.68,5.74,10.5,1.0,3.8462719120417956,108.46,0.28,398.61538461538464,398.61538461538464,398.61538461538464,19.34,22.12,1153.24,1.0,1.0,1.0,0.99702
UC3_P50,run-20251204-104609_uc9_p50_m2000_r10_s256_DIRECT,0.9950500000000001,0.0,1990.1,1990.1,2000.0,0.0,312.2,56.54,272.0,472.72,733.06,3275.64,0.36,1.46,3.48,5.3,8.52,1.0,3.7453284715196395,165.08,0.24,776.2222222222222,849.3333333333334,849.3333333333334,19.34,22.06,1140.78,1.0,1.0,1.0,0.9950500000000001
UC3_P50,run-20251204-105009_uc9_p50_m2000_r10_s256_DIRECT,0.9976700000000001,0.0,1995.34,1995.34,2000.0,0.0,325.36,66.3,306.86,516.86,807.6,5338.68,0.58,1.96,3.98,5.98,10.2,1.0,3.422699607093193,5001.08,0.58,11797.3,11828.75,11828.75,19.22,22.14,2434.1,1.0,1.0,1.0,0.9976700000000001
UC3_P50,run-20251204-105411_uc9_p50_m2000_r10_s256_DIRECT,0.99464,0.0,1989.28,1989.28,2000.0,0.0,321.22,67.0,294.68,503.24,856.94,6506.14,0.62,1.62,3.72,5.68,8.88,1.0,3.6221924137078556,202.06,0.38,574.4,574.4,574.4,18.3,21.08,2582.22,1.0,1.0,1.0,0.99464
UC3_P50,run-20251204-105812_uc9_p50_m2000_r10_s256_DIRECT,0.9939100000000001,0.0,1987.82,1987.82,2000.0,0.0,320.66,66.64,307.9,516.36,790.56,4842.6,0.6,2.0,4.08,5.96,10.26,1.0,3.7469354676555513,304.34,0.5,662.3125,777.4375,777.4375,19.46,22.7,1564.74,1.0,1.0,1.0,0.9939100000000001
UC3_P50,run-20251204-110211_uc9_p50_m2000_r10_s256_DIRECT,0.99351,0.0,1987.02,1987.02,2000.0,0.0,309.9,63.86,279.52,477.74,837.92,4314.04,0.54,1.78,3.94,5.72,9.98,1.0,3.5104157571067547,294.56,0.56,585.9047619047619,617.4761904761905,617.4761904761905,18.66,21.6,2762.62,1.0,1.0,1.0,0.99351
UC3_P50,run-20251204-110612_uc9_p50_m2000_r10_s256_DIRECT,0.9911,0.0,1982.2,1982.2,2000.0,0.0,311.42,61.4,281.46,479.22,742.02,5409.58,0.5,1.66,3.8,5.52,8.66,1.0,3.699945423683993,337.96,0.58,732.0,736.4,736.4,18.98,21.82,1877.2,1.0,1.0,1.0,0.9911
UC3_P50,run-20251204-111011_uc9_p50_m2000_r10_s256_DIRECT,0.97661,0.0,1953.22,1953.22,1960.0,0.0,317.26,64.89795918367346,315.61224489795916,534.5102040816327,872.5510204081633,5804.3877551020405,0.5714285714285714,1.836734693877551,3.9183673469387754,6.081632653061225,9.428571428571429,1.0,3.8646895490006306,97.84,0.22,454.6,454.6,454.6,19.04,21.76,1538.84,1.0,0.98,0.98,0.9965408163265306
UC4_P10,run-20251204-113128_uc10_p10_m2000_r10_s256_RELAY,0.7961,0.0,1592.2,1592.2,1600.0,0.0,156.2,39.0,167.625,394.625,617.5,1110.25,0.375,0.875,1.875,3.375,4.625,1.0,3.399157325460396,22.0,0.1,220.0,220.0,220.0,1.5,4.1,9379.6,1.0,0.8,0.8,0.995125
UC4_P10,run-20251204-113521_uc10_p10_m2000_r10_s256_RELAY,0.8993,0.0,1798.6,1798.6,1800.0,0.0,157.8,35.55555555555556,121.33333333333333,307.6666666666667,499.0,846.5555555555555,0.4444444444444444,0.6666666666666666,1.6666666666666667,2.5555555555555554,3.888888888888889,1.0,4.172843643132606,0.0,0.0,,,,2.3,5.6,4168.9,1.0,0.9,0.9,0.9992222222222222
UC4_P10,run-20251204-113910_uc10_p10_m2000_r10_s256_RELAY,0.9978,0.0,1995.6,1995.6,2000.0,0.0,245.4,38.1,187.0,392.7,647.7,1028.2,0.3,0.9,2.2,3.4,4.7,1.0,3.7188525412295212,0.0,0.0,,,,2.9,6.3,1749.4,1.0,1.0,1.0,0.9978
UC4_P10,run-20251204-114259_uc10_p10_m2000_r10_s256_RELAY,0.89985,0.0,1799.7,1799.7,1800.0,0.0,200.7,43.333333333333336,174.11111111111111,382.77777777777777,632.7777777777778,2031.111111111111,0.4444444444444444,1.1111111111111112,1.8888888888888888,3.0,4.333333333333333,1.0,3.9331552402972836,0.0,0.0,,,,4.5,7.3,4391.9,1.0,0.9,0.9,0.9998333333333334
UC4_P10,run-20251204-114648_uc10_p10_m2000_r10_s256_RELAY,0.7934,0.0,1586.8,1586.8,1600.0,0.0,117.2,29.125,100.75,291.875,513.625,994.75,0.25,0.5,1.25,2.25,3.25,1.0,3.2616840120164934,119.2,0.1,1192.0,1192.0,1192.0,1.2,4.1,8366.7,1.0,0.8,0.8,0.99175
UC4_P10,run-20251204-115037_uc10_p10_m2000_r10_s256_RELAY,0.99785,0.0,1995.7,1995.7,2000.0,0.0,200.9,42.0,161.7,400.5,676.0,1394.7,0.6,1.1,2.0,3.1,4.2,1.0,3.674569531358478,238.0,0.4,595.0,595.0,595.0,3.9,7.3,1812.3,1.0,1.0,1.0,0.99785
UC4_P10,run-20251204-115425_uc10_p10_m2000_r10_s256_RELAY,0.79865,0.0,1597.3,1597.3,1600.0,0.0,129.1,31.25,104.5,296.5,528.25,857.375,0.375,0.625,1.25,2.375,3.75,1.0,3.5291883136865074,21.3,0.1,213.0,213.0,213.0,2.0,4.6,7358.6,1.0,0.8,0.8,0.9983124999999999
UC4_P10,run-20251204-115814_uc10_p10_m2000_r10_s256_RELAY,0.9986499999999999,0.0,1997.3,1997.3,2000.0,0.0,246.9,41.9,213.1,549.6,1550.5,2055.4,0.3,0.9,1.6,2.8,4.1,1.0,3.5020807107605436,0.0,0.0,,,,3.2,6.1,2207.5,1.0,1.0,1.0,0.9986499999999999
UC4_P10,run-20251204-120203_uc10_p10_m2000_r10_s256_RELAY,0.9995,0.0,1999.0,1999.0,2000.0,0.0,224.6,47.9,214.3,469.7,799.8,1373.5,0.4,0.9,1.9,3.9,4.7,1.0,3.4228335785061907,260.5,0.3,868.3333333333334,868.3333333333334,868.3333333333334,3.1,6.5,1268.2,1.0,1.0,1.0,0.9995
UC4_P10,run-20251204-120552_uc10_p10_m2000_r10_s256_RELAY,0.6980000000000001,0.0,1396.0,1396.0,1400.0,0.0,145.6,31.142857142857142,174.42857142857142,389.0,1201.5714285714287,1829.857142857143,0.2857142857142857,1.0,2.142857142857143,3.0,3.857142857142857,1.0,3.504705968023136,0.0,0.0,,,,0.6,3.3,10410.7,1.0,0.7,0.7,0.9971428571428572
UC4_P50,run-20251205-202651_uc10_p50_m2000_r10_s256_RELAY,0.83821,0.0,1676.42,1676.42,1680.0,0.0,240.86,98.26190476190476,438.3095238095238,759.3809523809524,1192.7857142857142,2490.3809523809523,1.3571428571428572,2.6904761904761907,4.5,6.833333333333333,9.19047619047619,1.0,4.0573268650727305,112.84,0.18,626.8888888888889,626.8888888888889,626.8888888888889,9.48,12.22,34931.44,1.0,0.84,0.84,0.9978690476190476
UC4_P50,run-20251205-203059_uc10_p50_m2000_r10_s256_RELAY,0.8396899999999999,0.0,1679.38,1679.38,1680.0,0.0,266.94,68.47619047619048,326.0,556.3333333333334,1324.952380952381,4425.785714285715,0.6904761904761905,1.9047619047619047,3.9761904761904763,6.190476190476191,9.80952380952381,1.0,3.5170104431477256,7341.34,0.42,24269.866666666665,24286.066666666666,24286.066666666666,14.44,16.72,35567.58,1.0,0.84,0.84,0.9996309523809523
UC4_P50,run-20251205-203503_uc10_p50_m2000_r10_s256_RELAY,0.79861,0.0,1597.22,1597.22,1600.0,0.0,268.66,74.125,383.9,654.875,1091.575,5110.825,0.725,2.175,4.2,6.425,9.025,1.0,3.9168670618503603,338.38,0.38,688.5625,1003.8125,1003.8125,12.1,14.64,44122.22,1.0,0.8,0.8,0.9982625
UC4_P50,run-20251205-203907_uc10_p50_m2000_r10_s256_RELAY,0.85905,0.0,1718.1,1718.1,1720.0,0.0,267.7,61.81395348837209,283.0232558139535,484.95348837209303,849.4418604651163,3273.046511627907,0.627906976744186,1.558139534883721,3.697674418604651,5.488372093023256,8.046511627906977,1.0,3.6200389191423676,378.54,0.5,805.0,805.0,805.0,17.32,19.58,31212.08,1.0,0.86,0.86,0.9988953488372093
UC4_P50,run-20251205-204309_uc10_p50_m2000_r10_s256_RELAY,0.73846,0.0,1476.92,1476.92,1480.0,0.0,223.56,62.37837837837838,264.4054054054054,463.05405405405406,1047.4054054054054,2673.189189189189,0.5675675675675675,1.4864864864864864,3.6216216216216215,5.324324324324325,8.27027027027027,1.0,3.87505829722444,3208.06,0.3,13071.25,13137.333333333334,13137.333333333334,12.58,14.86,56099.72,1.0,0.74,0.74,0.9979189189189189
UC4_P50,run-20251205-204713_uc10_p50_m2000_r10_s256_RELAY,0.0,0.0,0.0,0.0,0.0,0.0,0.0,,,,,,,,,,,1.0,2.807355604838399,228.96,0.3,829.5454545454545,829.5454545454545,829.5454545454545,5.6,7.7,65527.86,0.0,0.7,0.0,0.0
UC4_P50,run-20251205-205112_uc10_p50_m2000_r10_s256_RELAY,0.61706,0.0,1234.12,1234.12,1240.0,0.0,220.08,79.09677419354838,438.19354838709677,742.2258064516129,1690.5806451612902,12718.709677419354,0.8709677419354839,2.225806451612903,4.451612903225806,6.709677419354839,8.838709677419354,1.0,3.869726518908384,283.04,0.28,1137.75,1137.75,1137.75,6.66,8.74,83378.72,1.0,0.62,0.62,0.9952580645161291
UC4_P50,run-20251205-205517_uc10_p50_m2000_r10_s256_RELAY,0.6386400000000001,0.0,1277.28,1277.28,1280.0,0.0,198.86,60.625,297.5,538.0625,1824.9375,5409.875,0.5625,1.78125,3.6875,5.5,7.9375,1.0,3.490894117722454,109.48,0.14,782.0,782.0,782.0,9.38,11.24,78059.22,1.0,0.64,0.64,0.9978750000000001
UC4_P50,run-20251205-205923_uc10_p50_m2000_r10_s256_RELAY,0.0,0.0,0.0,0.0,0.0,0.0,0.0,,,,,,,,,,,1.0,3.1469453368996367,71.28,0.04,1782.0,1782.0,1782.0,2.46,3.9,124403.32,0.0,0.42,0.0,0.0
UC4_P50,run-20251205-210321_uc10_p50_m2000_r10_s256_RELAY,0.0,0.0,0.0,0.0,0.0,0.0,0.0,,,,,,,,,,,1.0,2.810938207000714,127.6,0.22,580.0,580.0,580.0,5.14,7.66,65977.74,0.0,0.7,0.0,0.0
UC4_P50,run-20251205-211913_uc10_p50_m2000_r10_s256_RELAY,0.69708,0.0,1394.16,1394.16,1400.0,0.0,221.54,66.71428571428571,360.34285714285716,609.2,1231.2571428571428,3840.457142857143,0.6857142857142857,2.1142857142857143,4.057142857142857,6.171428571428572,8.428571428571429,1.0,4.003462321876853,89.6,0.16,614.2857142857143,614.2857142857143,614.2857142857143,9.24,11.64,66284.12,1.0,0.7,0.7,0.9958285714285714
UC4_P50,run-20251205-212320_uc10_p50_m2000_r10_s256_RELAY,0.0,0.0,0.0,0.0,0.0,0.0,0.0,,,,,,,,,,,1.0,2.681937159212623,343.28,0.32,1190.2857142857142,1190.2857142857142,1190.2857142857142,4.54,6.74,71219.26,0.0,0.68,0.0,0.0
UC4_P50,run-20251205-212718_uc10_p50_m2000_r10_s256_RELAY,0.0,0.0,0.0,0.0,0.0,0.0,0.0,,,,,,,,,,,1.0,2.8357339513821147,132.9,0.12,1308.8,1308.8,1308.8,3.64,5.58,95831.16,0.0,0.56,0.0,0.0
UC4_P50,run-20251205-213115_uc10_p50_m2000_r10_s256_RELAY,0.0,0.0,0.0,0.0,0.0,0.0,0.0,,,,,,,,,,,1.0,3.098920476639011,128.82,0.12,1280.8,1280.8,1280.8,4.54,6.78,76041.28,0.0,0.66,0.0,0.0
UC4_P50,run-20251205-213513_uc10_p50_m2000_r10_s256_RELAY,0.0,0.0,0.0,0.0,0.0,0.0,0.0,,,,,,,,,,,1.0,2.7726445063583016,295.48,0.3,964.1111111111111,1376.5555555555557,1376.5555555555557,5.98,8.24,49931.64,0.0,0.78,0.0,0.0
UC4_P50,run-20251205-213911_uc10_p50_m2000_r10_s256_RELAY,0.0,0.0,0.0,0.0,0.0,0.0,0.0,,,,,,,,,,,1.0,2.9118060632288727,81.88,0.12,682.3333333333334,682.3333333333334,682.3333333333334,5.82,8.06,68948.54,0.0,0.68,0.0,0.0
UC4_P50,run-20251205-214307_uc10_p50_m2000_r10_s256_RELAY,0.0,0.0,0.0,0.0,0.0,0.0,0.0,,,,,,,,,,,1.0,2.9523508250051327,169.94,0.14,1324.1666666666667,1324.1666666666667,1324.1666666666667,3.34,4.92,112731.74,0.0,0.48,0.0,0.0
UC4_P50,run-20251205-214705_uc10_p50_m2000_r10_s256_RELAY,0.0,0.0,0.0,0.0,0.0,0.0,0.0,,,,,,,,,,,1.0,2.8312047145072046,126.96,0.12,1109.2,1109.2,1109.2,5.12,7.32,70939.0,0.0,0.68,0.0,0.0
UC4_P50,run-20251205-215103_uc10_p50_m2000_r10_s256_RELAY,0.0,0.0,0.0,0.0,0.0,0.0,0.0,,,,,,,,,,,1.0,3.247206842026795,294.46,0.22,1530.5,1530.5,1530.5,5.46,7.38,80522.54,0.0,0.62,0.0,0.0
UC4_P50,run-20251205-215501_uc10_p50_m2000_r10_s256_RELAY,0.0,0.0,0.0,0.0,0.0,0.0,0.0,,,,,,,,,,,1.0,3.518978433406086,22.3,0.06,371.6666666666667,371.6666666666667,371.6666666666667,5.26,7.48,67983.58,0.0,0.68,0.0,0.0
